UUID,Title,"First Name","Last Name","Street Address",Barangay,Municipality,Province,Country,"Phone Number","Mobile Number","Company Name","Company Website","Job Title","Favorite Color",Birthdate,"Email Address",Password
65baeb6e-1d3b-3bc3-92d9-9ffe68d7d609,Ms.,Estel,Dibbert,"44 Von Rue",Poblacion,Tacloban,"Davao del Sur",Philippines,195-961-314,"(0813) 095-6350","Kuvalis, Mayert and Walker",http://www.witting.com/,"Transit Police OR Railroad Police",yellow,1981-01-05,hodkiewicz.arielle@stanton.com,DcL&++sb$$
c5378e0a-01be-3a0d-8b50-e5bc637531d5,Dr.,Deron,Bernier,"79/85 Bergstrom Burg Apt. 246",Poblacion,Palayan,Siquijor,Philippines,115-051-690,"+63 (905) 101-6472","Jenkins, Parisian and Jones",http://www.fahey.org/,"Horticultural Worker",white,1993-07-12,schmeler.sherwood@hotmail.com,qk4N[?
dd310113-72f9-31e9-b273-c41885210549,Mr.,Angela,Casper,"76A Farrell Spurs",Poblacion,"San Fernando","La Union",Philippines,433-066-394,"(0948) 178-3824","Von Group",http://damore.com/voluptates-neque-vero-quasi-facere-et-sunt-similique,"Ship Pilot",blue,2024-06-21,frida22@haley.com,Lo1T&?
5a2533c6-2915-3012-8547-6819f92139bf,Dr.,Mohammed,Breitenberg,"12A Sanford Fields Suite 345",Poblacion,Muntinlupa,Romblon,Philippines,157-262-040,"+63 (940) 203-9717","Krajcik, Bayer and Terry",http://schamberger.com/error-libero-quia-voluptas-minima-rerum-saepe-et.html,State,blue,1980-06-03,ocormier@purdy.com,F@PV)*z2[
baef579c-1ec2-36bb-939b-2dbc37fe5dd5,Prof.,Queen,Gulgowski,"08A Murray Spur",Poblacion,Maasin,Sorsogon,Philippines,978-369-326,"+63 (926) 407-8273",Waelchi-Homenick,http://www.schumm.net/,"Machine Tool Operator",maroon,1982-08-25,ryan.jerrold@koch.com,cr-O[lU<):r+
ab210202-7a8a-3ac3-bde3-8d49d7ed5550,Mr.,Gudrun,Lueilwitz,"76/74 Eichmann Lake",Poblacion,Danao,Tawi-Tawi,Philippines,061-029-146,"(0999) 620-4082","Hyatt and Sons",http://auer.info/sapiente-voluptates-itaque-aut-adipisci-est,"Transit Police OR Railroad Police",blue,2012-06-01,mafalda.littel@gmail.com,P?S&.Afwq<St?
fcf75cd1-ffee-3625-8b7e-8b982dda24b3,Dr.,Jayne,Donnelly,"86A Jenkins Summit Apt. 518",Poblacion,Palayan,"Davao del Norte",Philippines,748-646-898,"(0940) 926-6127",Kautzer-Bins,http://armstrong.com/,"Sewing Machine Operator",maroon,1980-06-10,caleb.hamill@fadel.com,"MVnMN,WUI0R4G5=r#"
99d9f64b-632d-373d-96a3-8a9795e30120,Prof.,Adelbert,Wolff,"15A/22 O'Connell Bypass",Poblacion,Cabanatuan,Biliran,Philippines,763-502-906,"(0912) 246-0475",Auer-Carter,http://wehner.com/culpa-quae-quas-qui-repudiandae-tempore-velit,"Farm Labor Contractor",aqua,1997-06-03,hhane@heller.com,M)syGb3OORC[{p{gd{?2
ef26d6ce-3b29-3b82-b508-a2cd0abce12e,Dr.,Jaquan,Jacobson,"96/80 O'Reilly Key",Poblacion,Toledo,Palawan,Philippines,889-746-324,"+63 (817) 134-8240","McDermott, Waters and Marquardt",http://www.mann.com/consequatur-dolor-molestiae-totam-vel-sint,"Fishing OR Forestry Supervisor",teal,2024-07-24,ofay@oberbrunner.com,WoX~6xjrT//bi
8ab2db14-68c6-3280-bdca-2a5286b44541,Prof.,Gordon,Windler,"27 Leannon Plains Suite 314",Poblacion,Malabon,Batanes,Philippines,803-968-541,"+63 (975) 644-6823","Dicki Group",https://www.reilly.com/reiciendis-sint-ut-id-et-et,"Oral Surgeon",black,1994-01-21,considine.kayla@carroll.com,IgXWh!z)|
3beccf6e-3b29-3a7c-9777-11a5ec2d1519,Prof.,Rebecca,McClure,"40A/42 Barrows Camp",Poblacion,Tagbilaran,Maguindanao,Philippines,608-639-223,"(0997) 738-4586","Medhurst, Welch and Dach",http://www.koch.net/facilis-assumenda-vero-cum-recusandae.html,"Plating Machine Operator",purple,2013-02-17,marian.weber@nitzsche.com,"#4[Ek+Rxv=cL""i9AaXL"
e12f0e1d-a40d-3a97-9ffa-dc629897be43,Mrs.,Tito,Pfannerstill,"78 Hintz Alley Suite 900",Poblacion,"San Pedro",Guimaras,Philippines,381-412-248,"(0926) 314-3632","Lesch Inc",http://leannon.com/aperiam-voluptas-consequuntur-qui-corrupti.html,"Mechanical Drafter",black,1976-03-28,tpollich@hotmail.com,~>u<WXDFi@1_
1ca3c207-4877-334e-a3ae-bdf03035e12c,Mr.,Ari,Jacobs,"52A Murazik Lane",Poblacion,Tanauan,Aurora,Philippines,992-179-674,"+63 (932) 860-7199","O'Kon, Erdman and Harber",http://www.wyman.info/incidunt-consequatur-aut-accusamus-iste-molestiae,"Religious Worker",navy,1994-06-14,jayda.kuvalis@upton.com,"xn+..p_?2^\"
b584b82f-529d-3518-834b-95a8f0e2081c,Prof.,Ben,Treutel,"72 Kling Motorway Suite 501",Poblacion,Mabalacat,"Negros Oriental",Philippines,298-155-415,"(0907) 579-8440","McKenzie, Parisian and Fahey",http://www.cartwright.net/dolor-at-in-adipisci-voluptates-vel.html,"Nursery Worker",maroon,2022-06-09,kmiller@zieme.com,"+^:\x{UT_#'"
94fc8932-fbf5-3df1-a605-de3866617482,Prof.,Bo,Miller,"34A/12 Moore Court",Poblacion,Himamaylan,Bulacan,Philippines,758-141-083,"(0907) 802-7447","Thiel, Ritchie and Stracke",http://ward.com/facere-dolorem-nostrum-magnam-distinctio.html,"Personal Service Worker",black,1973-05-14,ellis.konopelski@hotmail.com,]<;7JlZC%
91170d2e-b367-39d7-8a88-e9b3acb1781d,Mr.,Nathaniel,Ryan,"65 Frami Common Apt. 845",Poblacion,"Masbate City","Surigao del Norte",Philippines,999-350-312,"+63 (927) 370-9037","Carroll, O'Keefe and Glover",http://www.treutel.com/,"Visual Designer",yellow,1998-10-09,gleason.melba@yahoo.com,.9[=w=x6lA=b3ZS|0x)
37694fe0-c8fd-3fb6-ac41-59785c4fa60b,Dr.,Ima,Grant,"50A Hoppe Inlet Apt. 801",Poblacion,Borongan,Quezon,Philippines,904-237-211,"+63 (939) 332-0921","Murray and Sons",http://bergstrom.com/aut-deserunt-autem-ipsam-quo-cupiditate-optio,"Nuclear Medicine Technologist",fuchsia,1996-04-29,jocelyn.stokes@hotmail.com,"FcJfpK\%K!^|rBT?5n"
f8bd8196-71f3-3087-a53f-d0a2e2c2c3d8,Miss,Whitney,Eichmann,"53 Russel Hollow",Poblacion,"El Salvador",Palawan,Philippines,898-232-016,"+63 (930) 993-1937","Romaguera PLC",http://ferry.com/natus-placeat-magni-saepe-et-deserunt-est-blanditiis,"Rough Carpenter",navy,1979-11-25,ledner.kayleigh@marks.com,]FLQ~`
462f0805-fd22-3618-9c66-0d1eae0712ae,Dr.,Brenden,Hessel,"15 Moore Garden Suite 257",Poblacion,"Santa Rosa",Leyte,Philippines,290-068-247,"(0929) 964-2255",Roob-Wilderman,https://www.aufderhar.com/possimus-aut-animi-quam-maxime,"Gas Pumping Station Operator",black,2003-04-29,prudence.nitzsche@pfeffer.com,BE|UfN-;6rv.Ur7)=8;
33b407fc-0136-3a92-a63d-7ef7434c6dbf,Dr.,Paige,Pfeffer,"49A/28 Lueilwitz Turnpike Apt. 990",Poblacion,"Batangas City",Iloilo,Philippines,011-550-484,"+63 (931) 437-5647","Keebler, Stehr and Hackett",http://www.fahey.net/voluptatem-fugiat-aut-fuga-doloremque-et,TSA,black,2004-08-07,hayley11@yahoo.com,"+WR{R0L`?Eb)2""\cc'^"
a4011909-9e8e-3dc7-86a9-f69d08fd0d6c,Mrs.,Clarissa,VonRueden,"34 Tillman Underpass Apt. 934",Poblacion,"San Pedro","Surigao del Norte",Philippines,314-062-668,"(0944) 692-5807","Ziemann, Murray and Nikolaus",https://fay.org/in-iste-repellendus-sit-voluptatum-in-dolores.html,"Valve Repairer OR Regulator Repairer",maroon,1996-11-07,murphy.clint@lind.com,")8Oz_Jo-&/V98,$""(I\"
9c2359dc-69fe-3be1-a1e7-46837f734cd1,Prof.,Taryn,Osinski,"03A/09 Botsford Lodge Apt. 735",Poblacion,Cauayan,"Lanao del Norte",Philippines,604-167-782,"+63 (974) 340-8126","Block, Nolan and Jakubowski",http://quigley.com/,"Prepress Technician",maroon,1996-04-03,mason.wiza@gmail.com,">|vdTJg,a,/MPr|#^"
5d6e9e4c-f2d3-31b2-b423-21485695182a,Mr.,Laverna,Thiel,"87/27 Stanton Mission Suite 890",Poblacion,Mandaue,"Sultan Kudarat",Philippines,326-328-412,"+63 (939) 411-2565","Corkery PLC",http://will.org/tenetur-laboriosam-laudantium-nihil-eligendi-repellendus-et,"Claims Adjuster",lime,1988-01-24,utorphy@boyle.biz,"RWYV0o#*1b\ZL'{NN"
e18388f6-7ff7-35e6-8a2f-01d4decc302a,Mr.,Flossie,Mraz,"73/42 Schaden Mountain",Poblacion,Gingoog,Sorsogon,Philippines,647-123-724,"+63 (910) 544-7901",Pacocha-Hill,http://kunde.info/quos-est-aut-ex-illum-enim-nulla.html,"Environmental Engineering Technician",yellow,1980-01-28,shanelle.bergstrom@beahan.com,r$F:F)
4c6a6bbe-7e14-3ae5-90dc-a0c5b63e2048,Prof.,Cleora,Brekke,"71A/71 Gulgowski Road",Poblacion,Taguig,Biliran,Philippines,592-778-978,"(0923) 221-0185",Schroeder-Schoen,http://www.batz.biz/optio-debitis-delectus-quos-nemo-quis,"Textile Worker",olive,2013-10-21,arnulfo.emmerich@krajcik.info,"(nAd>M9\.|5yO"
3e0d60e7-b287-38cf-ac18-5609733c2108,Prof.,Flo,Cartwright,"63/69 Lindgren Via",Poblacion,"Las Piñas","Occidental Mindoro",Philippines,273-237-725,"(0923) 111-4607",Stroman-Hodkiewicz,https://www.metz.info/odio-et-fugit-dignissimos-eos-totam-et,"Marine Engineer",silver,2010-01-03,hirthe.marcella@stehr.com,LG8ps0J}Q1u|*SejspZu
c1f6c5bd-0b30-3c88-b09b-c56960ad6eb9,Dr.,Burley,Hoppe,"72A/09 Hills Course Suite 554",Poblacion,Toledo,Ifugao,Philippines,123-838-727,"+63 (909) 894-6057","Watsica Inc",http://boehm.com/ut-et-omnis-deleniti-et-ut-necessitatibus-aliquam,"Model Maker",silver,1975-04-12,strosin.justine@hotmail.com,f1@:kduiiDD
7f1cef22-cb60-39f9-9156-f364ffcea6cc,Miss,Chet,Gleason,"84A Legros Center Suite 986",Poblacion,Bayugan,Tawi-Tawi,Philippines,170-622-923,"+63 (817) 010-4481","Osinski, Purdy and Dicki",http://www.kunze.com/possimus-expedita-voluptatibus-velit-facere-iste.html,Taper,silver,2021-03-28,vabbott@boehm.com,#L}io-
385d9be0-e68d-3417-aeb6-86526aa45917,Dr.,Santos,Beer,"40/99 Hammes Viaduct Apt. 538",Poblacion,Dapitan,"Mountain Province",Philippines,579-634-272,"(0997) 868-5901","Kutch LLC",http://boyer.info/,"Airframe Mechanic",teal,1987-12-19,kilback.pearl@hotmail.com,sm+~M-i2R~R
a582f1c3-ae2d-389e-a072-2e8fc7475aec,Prof.,Ismael,Wilderman,"41A Sawayn Drives Apt. 997",Poblacion,Isabela,Pangasinan,Philippines,558-843-965,"+63 (935) 633-3049","McKenzie PLC",http://www.crooks.com/a-dolorem-sed-sed-natus,"Metal-Refining Furnace Operator",maroon,1993-08-20,pkrajcik@reichel.biz,t$NMJQB(_Tvoz:?
eb9d27ca-6265-32fb-b62d-b6654bd1fccd,Prof.,Garnet,Gorczany,"28 Predovic Harbor Apt. 750",Poblacion,Tanauan,"Zamboanga del Norte",Philippines,035-175-940,"+63 (933) 621-4980","Bradtke PLC",https://stanton.com/qui-cupiditate-nesciunt-ratione-ad-voluptatem-sit-voluptas-voluptate.html,"Precision Mold and Pattern Caster",yellow,1979-11-14,leffler.regan@hotmail.com,4)^6;$3nqlU)M
ed38fe5c-8d1e-310e-9b56-a63cea40c107,Mrs.,Amina,Kautzer,"46 Cole Corner",Poblacion,Tayabas,"Compostela Valley",Philippines,032-343-113,"(0919) 081-8225",Kuhn-Walker,http://www.bode.com/quo-dolor-voluptate-ratione-eveniet-iure-et,"Copy Machine Operator",green,2014-01-11,jbrakus@grimes.com,$2]g*&K7]9K|6m
6253b283-cf81-3b4e-a64f-e45673cf83f8,Dr.,Mina,Lowe,"66A/55 Fisher Circle",Poblacion,Angeles,Iloilo,Philippines,834-653-249,"+63 (931) 505-8034","Kiehn, Stracke and Ondricka",http://hane.com/aut-non-voluptas-facilis-esse-aut-minima,Typesetter,maroon,2019-11-25,prosacco.alejandra@yahoo.com,3l{iI-xyU
70838a8f-b9a9-34a3-873b-0d06152fb6f4,Prof.,Damon,Borer,"34A/06 Leffler Circle",Poblacion,"San Pablo",Benguet,Philippines,233-061-851,"(0996) 971-3451","Bosco Inc",http://fay.info/eaque-facere-minima-temporibus-beatae-eius,"Plate Finisher",yellow,2013-12-01,carol.murray@hotmail.com,"88\Y2EJ"
5b39391e-41d2-3cc7-9c2b-c6f8ed515c3d,Dr.,Amie,Keeling,"38/82 Bosco Viaduct",Poblacion,"San Juan","Davao del Sur",Philippines,119-148-628,"+63 (918) 717-7038",Stark-Raynor,http://wyman.com/dolores-molestiae-nisi-incidunt,"Aircraft Launch Specialist",purple,1995-05-09,rlarson@gmail.com,dUDeBLtUxHGf$<
312432a3-7e13-35e2-8b38-6e5261bc5574,Prof.,Eugene,Koepp,"67 Stark Valleys",Poblacion,"General Santos","Agusan del Sur",Philippines,510-001-762,"(0923) 105-2048",Nienow-Haley,http://terry.com/rerum-dicta-incidunt-sed-aliquam-sequi-dolorem,"Airfield Operations Specialist",blue,2015-01-09,triston89@yahoo.com,"5~*u\/yM9IsduSvw["
fa0d32a6-609e-3868-939c-8e707016313a,Prof.,Enola,Abshire,"00A/31 Ferry Gateway Suite 487",Poblacion,Passi,Pampanga,Philippines,570-145-165,"(0980) 171-3030","Smitham Inc",http://stroman.com/et-reprehenderit-facilis-ab-consequatur-consequatur,"User Experience Researcher",blue,1971-04-02,jbradtke@yahoo.com,qL>UA?H;A;)@e
a1ec6bc9-c38d-3f65-a9b8-7e100d484a00,Prof.,Joy,Gusikowski,"37/13 Medhurst Crest",Poblacion,Meycauayan,Leyte,Philippines,644-161-854,"+63 (910) 293-1736","Lubowitz LLC",http://raynor.net/,"Foundry Mold and Coremaker",lime,2000-11-02,bode.christophe@nitzsche.com,3j75V%8(
cee6d80d-1503-3653-b94c-89a6e3df2c13,Mr.,Jettie,Weimann,"99/71 Auer Stravenue",Poblacion,Balanga,Antique,Philippines,507-158-827,"(0929) 775-4017","Mosciski Group",http://www.dare.biz/dicta-facere-perferendis-deleniti-harum-optio-voluptas,"Command Control Center Officer",green,1995-10-24,ubruen@gmail.com,m(CkJQIL9jFd'_cWwEa0
04a84817-c01c-31f3-8d13-fa209320a6ca,Miss,Brennon,Rolfson,"32 Weber Forest",Poblacion,Tagbilaran,Pampanga,Philippines,369-125-500,"(0979) 069-2943",Roberts-Wolff,http://www.blick.com/qui-nemo-repudiandae-at-doloremque-facilis-doloribus-ut,"Mining Machine Operator",blue,1997-10-03,legros.grace@yahoo.com,lH*p8R`
ee38fb84-830a-3f3d-bc8b-921889130890,Ms.,Eryn,McGlynn,"10A Keebler Fields",Poblacion,Batac,Bulacan,Philippines,875-277-084,"(0948) 356-4271","Langosh Group",http://www.swaniawski.biz/,Housekeeper,silver,1984-07-18,sidney02@veum.org,"rrKq>AWX""U3v_U*4"
6904e3f4-90ea-3947-a581-3eb38e7d0749,Ms.,Dewitt,Grady,"27A Schuster Ports",Poblacion,Bayawan,Leyte,Philippines,132-966-648,"+63 (947) 672-6154","Zemlak, Upton and Kohler",https://www.wehner.biz/et-maxime-deserunt-nisi-id-maxime-harum-quam-qui,Podiatrist,gray,1986-01-02,opadberg@gutkowski.com,"n&p""nGD+"
cbfcbd56-7ef4-3953-b211-8992db9c4c66,Prof.,Destini,Crist,"13A Harris Orchard",Poblacion,Bacoor,"Lanao del Norte",Philippines,739-624-809,"(0928) 659-2293","Conn, Mraz and Trantow",http://www.rau.com/magni-est-aspernatur-et-dicta-iusto-architecto-et,"Brazing Machine Operator",purple,1998-03-03,alexandro.nader@sporer.com,"VvJ1[4v\q;w,z%6bw"
bbfa1a0e-9eb5-3a69-9e36-a3a5d36766d8,Prof.,Halle,Bauch,"68 Simonis Freeway",Poblacion,Sipalay,Tarlac,Philippines,923-019-081,"(0909) 080-0717","Considine Group",http://marvin.com/dolor-omnis-animi-et-quis-officia-facilis.html,"Fast Food Cook",black,1987-07-20,jackie74@thompson.com,YO''K<
b5432f1b-61fd-38f5-aa90-e6121e2d3aa3,Ms.,Oceane,Ebert,"34A Nitzsche Ranch",Poblacion,Tabaco,"Occidental Mindoro",Philippines,033-822-551,"+63 (921) 274-5376","Kulas, Quitzon and Von",http://www.nader.info/soluta-qui-commodi-ea-sequi-ut-qui-necessitatibus.html,"Drilling and Boring Machine Tool Setter",fuchsia,1982-08-05,ahauck@parisian.com,"|MU#nLK""WX"
7801bde8-b741-3545-910f-89593f32fe1e,Miss,Rhianna,Ritchie,"88 Stark Manors Apt. 824",Poblacion,Navotas,Kalinga,Philippines,992-411-651,"(0906) 617-6273","Windler, Mills and Keebler",http://www.cormier.com/nemo-impedit-non-quae-ipsum.html,"Computer Security Specialist",yellow,1980-11-05,cassin.alexander@glover.com,D}g'RojljA;A[{xSC
180249b3-c8db-37fe-b79e-ddd6d37c4b1e,Mr.,Emiliano,Towne,"23/10 Tremblay Mountain",Poblacion,Catbalogan,"Northern Samar",Philippines,748-073-997,"(0994) 319-6830",Daugherty-Pfannerstill,http://www.bruen.com/mollitia-delectus-quis-velit-consectetur-placeat.html,"Machine Feeder",lime,2008-12-12,kianna69@gmail.com,"GOs:*$,"
448ce541-a546-35ab-8491-d0966e56ce0d,Dr.,Zander,Beier,"73/43 Bechtelar Inlet",Poblacion,Mabalacat,Bukidnon,Philippines,190-562-163,"(0979) 208-7366","Deckow, Hansen and Frami",http://www.prohaska.biz/at-aut-ipsam-omnis,Surgeon,purple,2007-07-19,bosco.beryl@gmail.com,~KLRQsPh
b6ee21ae-4bd3-3547-b07f-6ba744409665,Prof.,Jocelyn,Dooley,"83A Pfeffer Fort Suite 347",Poblacion,Malolos,Bataan,Philippines,902-533-740,"(0944) 282-3965","Lynch Group",http://mcdermott.com/dolores-molestiae-illum-omnis-repellendus,"Door To Door Sales",black,1997-03-05,pkemmer@kub.com,"hx0.m""H<=)S(>U.Bsn""]"
c353e0f6-fad5-32af-a8eb-5433fe07f39c,Prof.,Alisha,Stracke,"28A Prohaska Inlet Suite 491",Poblacion,Makati,"Surigao del Sur",Philippines,290-502-095,"+63 (973) 698-3938","Swift, Stracke and Langworth",http://www.stamm.com/nobis-blanditiis-recusandae-unde-doloribus-vitae-atque-quae-molestiae,"Set and Exhibit Designer",teal,1972-07-12,lang.raquel@hoeger.org,.f$L;v<8ZL:
94b5ea8d-ea97-3937-9314-551ba0c4cebc,Prof.,Susan,Adams,"43A/13 Mante Spring",Poblacion,Mati,"Ilocos Norte",Philippines,693-645-601,"(0948) 864-6981","Bergstrom Group",http://davis.net/et-eveniet-quod-corrupti-qui-beatae-et,"Marketing VP",silver,1971-10-06,reginald04@yahoo.com,"h6PUY[h2{69HtsBX#=""i"
4dca7203-8738-3290-a64c-fc5a40830589,Ms.,Desmond,Lynch,"71A Gottlieb Stravenue",Poblacion,Bogo,Rizal,Philippines,541-454-702,"+63 (916) 098-4605","Hane, Keebler and Morissette",http://stark.com/est-praesentium-accusamus-voluptas-voluptatem-sed-rerum.html,"Boat Builder and Shipwright",green,1977-07-22,vada97@heathcote.com,v0WD%>aPX.;]M
a9b8821f-129b-39ed-b6d0-b2ebaaa343ef,Dr.,Tessie,Smith,"88A Stanton Union",Poblacion,Gingoog,"Agusan del Norte",Philippines,539-238-803,"(0994) 706-7731",Bauch-Bailey,http://hoeger.com/,"Farm and Home Management Advisor",yellow,2002-06-19,rosenbaum.paula@bogisich.com,Rn@i9FOM**
a48fffeb-5aa3-3e82-bbc3-4f1c43f992a4,Mr.,Emmy,Borer,"45A/80 Runolfsdottir Summit",Poblacion,Isabela,Zambales,Philippines,464-112-218,"(0908) 165-0616","Wuckert, Huel and Boyle",http://heller.biz/corporis-voluptates-et-quae-voluptas.html,"Recreational Vehicle Service Technician",purple,1993-10-23,eladio.doyle@keebler.com,(0mZlaE;d#H@
9773dcf0-7565-3bbe-806a-67d98fb6e270,Prof.,Wilhelm,Conn,"72A/80 Dibbert River Suite 652",Poblacion,Ozamiz,"Davao del Sur",Philippines,116-278-164,"+63 (927) 570-3396",Marquardt-Olson,http://www.huels.net/quia-itaque-suscipit-et-placeat-non-doloribus-inventore,"Telecommunications Equipment Installer",fuchsia,1993-02-12,rocio.dickens@yahoo.com,|~]*TzdK#m`6X#Yq=DJ3
5f2dbe64-968f-36d3-9456-f395e1629897,Mrs.,Neal,Schuster,"55/25 Heathcote Mountains",Poblacion,Biñan,Benguet,Philippines,673-511-144,"+63 (912) 791-0267","Kohler Inc",https://schinner.com/ut-consequuntur-debitis-aperiam-omnis.html,"Mechanical Inspector",aqua,1996-01-12,yvette.conroy@schumm.com,piat4Isj-MW](LUNWeuj
0b8e753b-a577-3709-8811-073facd25057,Dr.,Charlie,Beer,"51/70 Jones Burg Apt. 225",Poblacion,"El Salvador",Camiguin,Philippines,930-215-098,"(0971) 542-1044","King, Klocko and Ullrich",http://cole.com/quis-enim-voluptatum-architecto-tenetur-architecto-consequuntur-earum,"Supervisor of Customer Service",green,2010-09-19,cordelia77@yahoo.com,}8LgC['!S3]VW<9w
1ab74d08-8a2e-371e-9c8d-0d82b6ed69ad,Prof.,Thaddeus,Carroll,"31A/98 Schaden Hills Suite 191",Poblacion,Olongapo,"Sultan Kudarat",Philippines,902-725-514,"(0909) 729-9700","Stark PLC",http://www.franecki.info/corporis-qui-repudiandae-quo-expedita-suscipit-aut.html,"Mining Machine Operator",aqua,1987-12-03,albert.conroy@gmail.com,=EL6G*jfXhe
a9b12b3f-0f7e-35ec-8601-4938970b885b,Mr.,Chadd,Parisian,"48 Lemke Meadow Suite 970",Poblacion,Calamba,"Negros Occidental",Philippines,472-814-620,"+63 (918) 233-9939","Morar, Cremin and Kreiger",http://www.bailey.com/minima-iste-eum-eum-laboriosam-neque-est-omnis,Archivist,black,1986-09-07,harris.kaci@gmail.com,0htElalT>^IW}>
38d89998-e7a6-3bf7-b3fd-3f77b98a1f9b,Dr.,Stan,Carroll,"99 Kuhic Alley Suite 493",Poblacion,Urdaneta,Basilan,Philippines,272-251-669,"+63 (910) 258-9152","Rutherford PLC",https://www.welch.com/sit-enim-non-ea-quia-autem,Actor,maroon,2019-06-08,zgottlieb@yahoo.com,"Cx,MWI3Gq"
826b07df-f1ee-3429-b224-c490a04d2de5,Prof.,Yasmin,Thiel,"34A/58 Muller Field",Poblacion,Bayawan,"Mountain Province",Philippines,227-848-670,"+63 (948) 916-1098","Torphy LLC",http://www.murazik.info/aliquam-nesciunt-nulla-atque-fugiat-necessitatibus.html,"Business Development Manager",blue,2018-11-15,jaquelin.cruickshank@hotmail.com,"\-*c<oL%P)imso*Nb9"
471cde1b-8bb4-3d61-bafc-50e2036b37aa,Mrs.,Juliet,Becker,"39A Feeney Alley Apt. 369",Poblacion,Antipolo,"Dinagat Islands",Philippines,830-050-195,"+63 (929) 807-7042","Mann Inc",http://www.johns.com/modi-qui-dolore-ducimus-praesentium-deserunt-consequatur-non-et,"Home Economics Teacher",black,1997-10-07,ortiz.mallie@gmail.com,khD2BKg.n#j?x
0ca0f76c-5c1c-3596-856e-e8a2b357c14c,Miss,Glenna,Gleason,"74A/89 Von Mountain",Poblacion,Palayan,Sulu,Philippines,791-755-792,"(0975) 852-4997",Crona-Legros,http://www.hammes.com/ad-velit-facere-aliquam-est-aliquid-laboriosam,"Medical Laboratory Technologist",olive,1995-05-03,toby.champlin@wiza.org,.P+kk2iz_4TuFM(bIR
050a959a-fc28-345c-8797-887b93b533d2,Dr.,Chyna,Kunze,"85 Hodkiewicz Cape",Poblacion,Himamaylan,"Agusan del Norte",Philippines,383-580-822,"(0935) 615-4988",Reichel-Huels,http://cummings.com/earum-dolor-adipisci-ab-corporis-accusamus.html,Interviewer,aqua,2021-10-11,iwolff@yahoo.com,",5uO'BT*y*[y~"
5774cf30-199c-3f1c-b1fb-b9c545dd2584,Dr.,Lucie,Medhurst,"23 Baumbach Cliff",Poblacion,"San Carlos",Camiguin,Philippines,721-579-154,"+63 (998) 575-2475",Williamson-Hickle,https://www.murazik.com/alias-et-maiores-non-rem,"Welding Machine Setter",black,1998-04-13,green.peggie@gmail.com,#8.'N*M}uVQ~7?XFS4{]
6d2d767d-2eca-313c-922c-e5eb5e60d4ee,Prof.,Paxton,O'Hara,"42A/51 Shields Summit",Poblacion,Pasig,Cavite,Philippines,108-405-491,"(0930) 332-8614","Walter, Boyer and Hyatt",http://www.luettgen.com/nostrum-odio-ea-voluptatem-qui,Cartographer,green,2004-02-14,wbeer@streich.com,A;aHy'/tH
8806e269-9120-3c3f-bda6-bbef0dc90c68,Prof.,Ida,Lebsack,"20A/82 Mayert Land Apt. 266",Poblacion,Ozamiz,Camiguin,Philippines,128-678-324,"(0996) 045-5841",Orn-Kreiger,http://blick.com/,"Telecommunications Line Installer",olive,2023-12-05,carlotta86@gmail.com,Py;H@u4(!?CuT
4744426b-7b10-3f7a-9775-e7dc45944fa2,Mrs.,Susana,Jones,"16A Oberbrunner Heights",Poblacion,Imus,Tawi-Tawi,Philippines,880-603-946,"+63 (942) 989-7954","Bergstrom, Sipes and Hamill",http://www.carroll.org/nesciunt-asperiores-rem-voluptate-voluptatibus,"Extruding and Drawing Machine Operator",white,2017-02-08,janis08@gmail.com,?-kKMV
3c0465bc-60c7-31e5-a745-d80273c849ed,Prof.,Ima,Ernser,"32A/94 Turcotte Summit Suite 144",Poblacion,"San Juan","Sultan Kudarat",Philippines,828-614-188,"+63 (911) 423-5248","Johnston, Graham and Parker",https://www.lockman.com/sequi-eius-a-veritatis-excepturi,"Carpenter Assembler and Repairer",purple,1988-01-01,paul.davis@yahoo.com,"d%}lBXQP0s{#pi7xO}#\"
a829e25a-3f84-37de-9a21-367e9c07c6a2,Dr.,Alyson,Fritsch,"45 Bashirian Brooks Apt. 408",Poblacion,"Las Piñas","Dinagat Islands",Philippines,125-425-878,"(0949) 219-6318","VonRueden Group",http://koelpin.org/quia-molestiae-in-deleniti-fugit-recusandae-consequatur-officia,"Computer Support Specialist",lime,1970-07-27,amelie87@ferry.org,"}6q\Gi)c<RE*"
0c27adfb-beee-3ade-a64c-7c54167308a0,Mr.,Erna,Kuhn,"93 Batz Center Suite 777",Poblacion,"San Carlos","Lanao del Sur",Philippines,501-625-216,"(0940) 281-6050","Christiansen, Jerde and Wilkinson",http://www.ziemann.com/ut-esse-qui-est-et-earum-accusamus-laboriosam-quibusdam.html,"Purchasing Manager",green,1973-05-03,una.borer@wisoky.biz,sh<NGc
75196b2a-e6f0-3f92-b88e-05b28e28220c,Mrs.,Tessie,Bashirian,"64 D'Amore Mountain Apt. 261",Poblacion,Talisay,Sulu,Philippines,780-771-118,"+63 (939) 495-2952",Kozey-Boyer,http://www.flatley.com/sed-non-nostrum-repellat.html,"Director Of Talent Acquisition",silver,2019-01-13,king.monserrat@feeney.net,zB4B`|gc;lC
22e71cca-3404-3e51-8c9a-f89e76037417,Miss,Kathryn,Conroy,"92 Harvey Brooks",Poblacion,Catbalogan,Basilan,Philippines,534-834-452,"+63 (980) 755-9776","McDermott, Runolfsson and Cronin",http://lockman.com/eos-nesciunt-ut-consequatur-dolore-qui-hic,"Biological Science Teacher",lime,1991-11-27,quinten89@bashirian.org,Eo:D_d`-A{?o
1a6501e8-8946-3bde-9775-73bf2967b711,Mr.,Toney,Nikolaus,"87A/32 Schaden Corners Suite 206",Poblacion,Canlaon,Pampanga,Philippines,645-775-578,"(0927) 777-2120",Nolan-Lowe,https://www.johns.com/vel-qui-est-ipsa-quas-et-ut-aperiam-nobis,"Healthcare Practitioner",lime,1989-03-03,iwiza@hotmail.com,6h_~{<(zUP1}#
11b45bc9-6fb0-3728-afab-8eac749ad1e6,Dr.,Taya,Breitenberg,"28A Howe Island",Poblacion,"Trece Martires","Ilocos Norte",Philippines,312-906-776,"+63 (946) 902-8149",Schmitt-McGlynn,http://damore.com/atque-sequi-officiis-pariatur-ipsum,"Bench Jeweler",aqua,1981-05-09,gabriella95@treutel.info,RJP)`b`3};>YF2
bc52c1da-8a2d-3fc5-a36e-ca73ac863f9b,Dr.,Carley,Pfeffer,"75 Conroy Mill",Poblacion,Naga,"Surigao del Norte",Philippines,143-027-325,"(0937) 057-0334","Hackett, Marquardt and Skiles",http://mohr.com/asperiores-qui-aut-consequatur-iure-et-consectetur,Cook,silver,1997-07-23,qheathcote@hotmail.com,S'^;wF
cc66ee60-56f9-3347-91c4-888c5fcf0f06,Prof.,Vida,Klein,"94A/68 Weissnat Haven Suite 216",Poblacion,Malolos,"Sultan Kudarat",Philippines,013-737-869,"+63 (980) 942-5606","Fahey, Kris and Casper",https://www.roob.com/harum-eum-non-facere,Embalmer,gray,2024-01-24,ally.fisher@conroy.net,U+L:lxG%ztP;`2
b17c9690-ac1d-37a5-bc02-86deca6afc33,Dr.,Tobin,Johnson,"10A/98 Goodwin Estates Apt. 816",Poblacion,Ligao,Cotabato,Philippines,872-089-620,"(0919) 088-4304","Klocko, Jaskolski and Padberg",http://www.lynch.com/dolore-fugiat-ex-fuga-explicabo.html,"Production Planner",lime,1985-05-17,lgrant@gmail.com,J+(;z|-0$ik
f04afcf0-e496-3697-a0a2-f33f3f7aae99,Prof.,Susana,Marquardt,"74 Gutkowski Stream Apt. 284",Poblacion,Cauayan,"Surigao del Sur",Philippines,842-955-634,"(0912) 060-3017",O'Conner-Metz,http://gerlach.com/voluptates-earum-odio-voluptatibus-illo-sit,Farmer,yellow,2005-10-18,carmine.harber@ortiz.com,{X:h:y]uovo2
02939480-db63-3597-a553-160ff436f3b9,Prof.,Emie,Reichert,"70A McDermott Island",Poblacion,Malolos,Leyte,Philippines,009-480-340,"(0917) 836-9359","Carter, Christiansen and Labadie",http://www.kihn.com/nobis-tenetur-ab-perferendis-deserunt-omnis,"Receptionist and Information Clerk",maroon,1974-12-03,qshields@batz.com,MOZ&1ea{*8P^C;FB!=_/
d55c39e7-7d03-3f9f-8821-7c18264e917c,Mrs.,Imelda,Dibbert,"64A/49 Howell Junction",Poblacion,"San Fernando",Marinduque,Philippines,097-359-173,"(0975) 441-0476",Blick-Bechtelar,https://gottlieb.biz/sunt-voluptatem-quia-perferendis-est-itaque-earum.html,"Product Management Leader",black,1973-09-24,justine14@gmail.com,Romh}B3;X
3f1ffe64-9a51-3c51-8495-59e961af3d72,Dr.,Aniyah,Weimann,"42A/11 Hermann Plaza Apt. 011",Poblacion,Pasay,"Dinagat Islands",Philippines,012-508-350,"(0973) 320-9057",Armstrong-Lemke,https://bruen.com/corporis-adipisci-enim-exercitationem-non.html,"Animal Trainer",blue,1985-11-18,conroy.janessa@yahoo.com,&n^557t
055bc636-60ae-30a2-9007-59125196777d,Prof.,Stan,Auer,"43/14 Homenick Squares Suite 559",Poblacion,Taguig,Cotabato,Philippines,973-196-997,"(0936) 605-7257",Homenick-Schoen,http://www.keeling.com/,"Library Assistant",black,1972-12-04,lemard@dicki.com,v/XSe[I=AWd|tN%7
ed32f590-9cea-3265-a335-3677ca167adb,Prof.,Stuart,Kertzmann,"13 Walter Cove Suite 270",Poblacion,"Tarlac City",Camiguin,Philippines,281-807-282,"(0978) 988-4500","Ondricka, Hudson and Lueilwitz",http://smith.com/cumque-similique-sed-hic-molestias-id-voluptas,"Instructional Coordinator",aqua,1975-10-29,gernser@orn.com,LnpJ]`)LFS5:OuxWGw:k
719b86a5-9a7c-3f4d-a71d-b1a613153415,Mrs.,Cedrick,Barrows,"82/44 Upton Plains",Poblacion,"Cebu City",Ifugao,Philippines,744-343-956,"+63 (922) 992-9316",Haag-Zboncak,http://www.nienow.com/omnis-quia-dolor-nobis-hic-est-omnis-asperiores,"Tool and Die Maker",green,1990-02-21,ywelch@hotmail.com,>Evx9Z4!t
66d694c5-f877-3b04-a4f3-50318de68df9,Dr.,Ciara,Schimmel,"75 Brown Valleys",Poblacion,Caloocan,"Southern Leyte",Philippines,218-668-970,"(0940) 644-8014","Hagenes, Krajcik and Prohaska",http://www.green.info/,"Segmental Paver",lime,2019-08-12,fisher.vicky@brakus.com,"+:@sx'f,MYU"
01251a09-5719-3418-96da-23ecff70f623,Miss,Abbigail,Olson,"34A Grimes Burgs",Poblacion,Taguig,"Davao Oriental",Philippines,173-812-978,"+63 (921) 132-2771",Mann-Will,http://www.kertzmann.com/repellendus-dicta-sed-id-hic-qui,"Fast Food Cook",maroon,2001-12-02,cassin.corrine@yahoo.com,"!Qi.1Rk:tyMDN9Iz@""-A"
0ca3a121-f469-38ce-bb06-4515081e7022,Ms.,Arianna,Hagenes,"28A Feest Isle Suite 851",Poblacion,Taguig,Romblon,Philippines,303-950-125,"(0930) 344-6071","Berge, Kerluke and Ward",http://www.morissette.com/cupiditate-cumque-accusantium-iusto.html,"Floor Finisher",silver,1978-08-24,joey96@tremblay.com,)X`b}^
e5847c3b-28f5-38a7-b22a-8f76c2025514,Dr.,Hollis,Feeney,"35A/13 Marks Union",Poblacion,Ligao,"South Cotabato",Philippines,194-806-291,"(0920) 786-2233","Cormier and Sons",http://keeling.com/,"Nuclear Monitoring Technician",fuchsia,2015-07-27,hintz.jovani@gmail.com,"x0Gnr\4l+["
8c3d18b0-0081-38d4-807a-3bb88ce4e4cf,Mrs.,Roberto,Mann,"64A Jaskolski Brooks Apt. 148",Poblacion,"Batangas City",Rizal,Philippines,521-661-161,"(0937) 844-0034","Dibbert, VonRueden and Wiegand",https://doyle.net/placeat-provident-dolor-et-sint.html,"Market Research Analyst",black,1998-10-08,millie.jaskolski@gmail.com,xBi`3H6
4e7f3c7b-c333-3331-bfab-12b31418ebcf,Mr.,Lewis,Reichert,"27/22 Hagenes Trace Apt. 015",Poblacion,"San Jose",Benguet,Philippines,786-104-499,"(0907) 379-6603","Lindgren Group",http://cartwright.info/voluptatibus-rerum-culpa-sit-explicabo-ea,"Laundry OR Dry-Cleaning Worker",maroon,2017-09-02,koelpin.antonette@gmail.com,"D5[E""z`."
59a21b04-597b-392a-85e8-35b639c113c7,Miss,Deshaun,Runolfsdottir,"40 Morissette Springs Apt. 768",Poblacion,Tangub,Marinduque,Philippines,695-086-364,"+63 (911) 816-6369","Shields, Lind and Lueilwitz",http://www.emmerich.net/veniam-quis-rem-quas-asperiores-soluta,Grips,white,2009-08-16,bobby93@hotmail.com,f~dF`xIeN:@nJ''(_d
c7d6c44e-452d-3db6-8289-a98737016fcc,Ms.,Kiara,Davis,"32A/90 Davis Way Suite 101",Poblacion,Malolos,Bohol,Philippines,063-348-767,"+63 (939) 748-3287","Abernathy Inc",https://kub.org/quia-qui-repellendus-fugit-unde-voluptatem-voluptatibus-omnis-minima.html,"Forensic Science Technician",green,1998-06-11,bswaniawski@funk.info,0Fp;;f!hc
b214c852-8959-337c-8623-1e09a29ff0ad,Prof.,Yesenia,Cummerata,"50A O'Kon Parkway",Poblacion,"Quezon City","Occidental Mindoro",Philippines,924-770-961,"+63 (817) 005-8880","Dickinson, Hoppe and Koelpin",https://www.streich.com/at-sint-animi-non-officia-pariatur-doloremque,"Desktop Publisher",black,1982-07-07,casandra01@beahan.com,"cM#Q>>GiZ[""m{kudc)P@"
ad81039c-ed75-3c90-9d36-05b44ae46ecb,Miss,Amy,Littel,"87A Haag Cove Apt. 228",Poblacion,Baguio,Guimaras,Philippines,289-973-802,"(0998) 247-2977","Schaden Inc",http://kuhic.com/labore-error-minus-ullam-qui-nesciunt.html,"Information Systems Manager",green,1995-02-15,sdavis@yahoo.com,$G~'?n
20af61c6-bf5d-3bf1-963a-ff12d1460976,Mr.,Eulah,Lynch,"70A/81 Jenkins Course",Poblacion,Malaybalay,Isabela,Philippines,843-754-374,"(0931) 921-0436",Hane-Satterfield,http://crist.com/,Biochemist,yellow,2007-04-14,labadie.angus@swift.com,a&|&!BL)Np
0af1f26d-41c7-3b76-aa4e-47a2e9e30146,Dr.,Lillian,Marks,"93/77 Blanda Burg",Poblacion,Tuguegarao,"Southern Leyte",Philippines,338-691-361,"+63 (971) 796-6808",Koepp-Reichel,https://lang.net/dolorem-qui-laborum-debitis-voluptates-vel-nihil-minus.html,"Medical Secretary",fuchsia,1970-03-19,lehner.aglae@yundt.org,"0NklM41c32e]u%&AF,p^"
e889a06e-a8f7-3ce6-ad67-fece17084b3b,Dr.,Clifford,Berge,"27/46 Schmidt Crossroad Suite 786",Poblacion,Panabo,Sorsogon,Philippines,112-458-502,"(0918) 087-5126","Ziemann, Conn and Green",http://www.kub.net/,Maid,maroon,1993-06-14,vhickle@yahoo.com,"yM""$2Y!_<e[SG.@b"
05987ad0-a808-3b80-a1e2-9bb4e9bec751,Prof.,Gladyce,Schaden,"13/35 Abbott Pine Apt. 606",Poblacion,Sagay,"Davao Oriental",Philippines,593-286-925,"+63 (918) 890-3680",Goldner-Thiel,http://stracke.com/consequatur-autem-repellat-animi-rem-inventore,"Gaming Manager",olive,1981-10-25,farrell.sierra@gmail.com,a4RB=(R~|+E4>`Vox
5b2408cd-1cb0-3ef6-b79b-4f64e3a6b025,Dr.,Felicia,Torp,"52 Dickinson Gardens",Poblacion,Danao,Aklan,Philippines,876-738-315,"+63 (937) 421-3553","Luettgen Inc",http://abernathy.com/doloremque-odio-nesciunt-qui-fugit-repellat-ad-corporis,"Plating Operator",maroon,2012-10-31,braulio46@fay.com,uHm)eOBjO^
5e8be715-b331-3443-8c60-fd0ee273b242,Dr.,Bethany,Gleason,"94 Rolfson Locks",Poblacion,"Davao City",Laguna,Philippines,550-859-400,"+63 (925) 399-8148","Herzog Ltd",http://hintz.com/asperiores-eum-est-quos-quasi.html,"Wind Instrument Repairer",olive,2010-07-01,kmraz@yahoo.com,U~jwYD]Fd/ZGNP=c|
576ac597-7382-3960-8ba9-4951f7ae2e3d,Mr.,Sydnie,Sauer,"55A/93 Graham Extension",Poblacion,Malolos,Quirino,Philippines,926-996-160,"(0817) 922-1852","Hoppe Group",http://haag.org/,"Mixing and Blending Machine Operator",lime,2015-04-05,cdavis@gmail.com,"n{XMp9cqTH\L'(`"
9ed8c9f9-19dd-3d41-83cf-d8e2813a90f5,Dr.,Jany,Corwin,"18 Bartoletti Walk",Poblacion,Biñan,"Compostela Valley",Philippines,384-532-756,"(0980) 718-6000",Robel-Moore,http://greenfelder.net/autem-provident-voluptatem-voluptatibus-nisi-non-corrupti-fuga.html,"Battery Repairer",aqua,2018-12-24,olesch@torp.org,1??}|nb/Rh'
f2fd35ab-fbfb-3e6e-b06f-62ca1c5ef30d,Dr.,Beatrice,Von,"45A Ullrich Grove Suite 180",Poblacion,Marawi,Benguet,Philippines,425-404-823,"+63 (998) 564-9840",Emmerich-Reilly,https://parker.com/et-qui-ipsam-dignissimos-atque-minus.html,"Receptionist and Information Clerk",maroon,1978-07-01,polly75@yahoo.com,_ai'6b]h'mvaPvA$z+
dd985194-3d6a-3089-bc5e-3d0205474253,Prof.,Scottie,Hansen,"92A/54 Kutch Ville Apt. 203",Poblacion,Bayugan,"Davao del Sur",Philippines,810-052-550,"+63 (909) 919-3077","Kuphal, Hirthe and Gerhold",http://www.watsica.com/cumque-unde-reiciendis-nam,"Statement Clerk",fuchsia,1970-02-12,gene39@yahoo.com,J@>jP-.Y
41fa916e-c7cf-3606-b106-f304514f7987,Dr.,Merlin,King,"63 Beahan Parkways",Poblacion,"Zamboanga City","Agusan del Sur",Philippines,090-346-834,"+63 (900) 823-1179","Paucek, Reilly and Schulist",http://gorczany.com/,"Driver-Sales Worker",gray,2002-08-19,mpowlowski@hotmail.com,I<:+gk
d754563f-5213-34c3-bfb7-8e702ca3e46e,Mrs.,Lorine,Ledner,"57/68 Quigley Mountains",Poblacion,Cabadbaran,Masbate,Philippines,521-931-256,"+63 (980) 222-1925",Johns-Hoeger,http://www.ryan.info/accusantium-consectetur-occaecati-dolores-sint-enim-est,"Coating Machine Operator",fuchsia,2021-03-27,cassin.wilhelm@hansen.info,"1<8~kwV6dck|R@Ao'\n"
8adcd57d-f674-38d8-9631-47a1ed33d8e3,Ms.,Elena,Emard,"50/59 Wisoky Grove Suite 306",Poblacion,"San Fernando","Negros Oriental",Philippines,089-688-470,"(0918) 353-3403","Goyette, Fay and Osinski",http://www.steuber.info/,"HR Manager",black,2016-05-29,smorar@hotmail.com,3PvE{ax8u~tYtDn>$q^2
3c125aaf-2dba-3d28-a4b8-fea5718ba3b1,Miss,Muriel,Abshire,"47 Tremblay Row Apt. 597",Poblacion,Silay,Pangasinan,Philippines,846-694-246,"(0935) 044-9695",Wiza-Schultz,http://www.bayer.info/aut-voluptatum-magnam-ab-porro.html,"Credit Checker",green,1988-08-02,beatrice.murray@gmail.com,:@5N?L=L)wr2R0_j
d5db1d87-631e-33f5-b8ae-9f6416510b3b,Miss,Abbigail,Hauck,"88 Renner Locks Suite 004",Poblacion,"El Salvador",Cebu,Philippines,070-926-241,"(0906) 650-9783","Harber, Bayer and Conroy",http://kirlin.info/recusandae-accusamus-qui-explicabo-dolores,"Animal Scientist",green,1997-10-04,emely.bogisich@yahoo.com,k+GE_hZ
e8e09cee-0d46-3b6c-b2b7-ae1767402d67,Dr.,Raegan,Tremblay,"28/96 Johnson Pines Apt. 148",Poblacion,Tuguegarao,Biliran,Philippines,093-908-652,"+63 (927) 933-2365","Koepp, West and Hilpert",http://www.lowe.info/et-esse-a-voluptates-voluptas-ratione-nobis.html,"Storage Manager OR Distribution Manager",lime,2008-02-25,jbrown@hotmail.com,"58r\XJ}/5VYp>"
5459473f-b589-3f36-b9d9-912aa4a28b9d,Mrs.,Ursula,Shanahan,"30/43 Schuppe Junction Suite 837",Poblacion,Escalante,"Dinagat Islands",Philippines,511-358-217,"(0979) 853-7609",Sanford-Dooley,http://schiller.info/,Machinist,purple,1984-07-08,haltenwerth@stoltenberg.biz,":yV2}][_QE}""xc%ySnlR"
4db1581c-6177-3ce1-9ff8-a5eac8f135f8,Prof.,Lera,Gottlieb,"68 Ziemann Mission Suite 604",Poblacion,Bogo,Apayao,Philippines,065-997-778,"(0929) 792-7679","Legros and Sons",http://boehm.com/,CFO,teal,2000-01-26,alarkin@auer.com,b0-J~'+HG<|7+k24d
32eecd60-a09a-33ed-af19-555c74e3c449,Prof.,Carmela,Kilback,"18A Smitham Key Suite 731",Poblacion,Tagbilaran,Pampanga,Philippines,707-815-810,"(0996) 322-8577",Mueller-Cruickshank,http://www.blick.com/id-quos-excepturi-accusantium-quasi-quasi-modi-libero,"Library Science Teacher",green,2001-05-03,kschuster@cormier.com,"Ci,g:<]vD48U"
4fbed2ee-0e5c-3cc2-81b9-d0f8070c3147,Mr.,Marina,Reichel,"50/21 Pfeffer Lodge Suite 012",Poblacion,Mandaluyong,Aurora,Philippines,792-615-715,"(0944) 170-7034","Glover Ltd",http://www.nitzsche.biz/,"Motion Picture Projectionist",purple,1978-11-07,fmiller@gmail.com,HpE!n}
1d496d78-1e85-363f-a6a0-c94340da9c1e,Mr.,Sydnee,Dare,"11 Reichel Road Apt. 580",Poblacion,Ilagan,"Davao Oriental",Philippines,938-551-936,"+63 (946) 510-5661",Anderson-Stamm,http://www.bednar.com/,"Kindergarten Teacher",fuchsia,1987-12-25,gbeer@gmail.com,5[==?TQRuebJ0_|D1<
5cdb2736-bc24-307d-8a38-4df3feee3216,Mr.,Cecile,Boyle,"14/94 Kreiger Plains",Poblacion,Muñoz,Batangas,Philippines,416-817-073,"(0926) 976-6946","Miller, Nicolas and Dibbert",http://www.ondricka.com/ratione-autem-harum-iure-et-ex-totam-libero-et.html,"Woodworking Machine Setter",maroon,1981-05-17,bertram.gutmann@jerde.com,"jA"")&M9:"
3f6d7f97-f82b-304d-a1fd-148436061662,Prof.,Roosevelt,Rosenbaum,"15A/85 Walker Stravenue",Poblacion,"Davao City",Antique,Philippines,720-057-103,"(0975) 377-8744","Satterfield, Lynch and Kertzmann",http://koch.biz/nihil-qui-iste-atque.html,"Technical Writer",aqua,1998-05-06,derick66@gmail.com,]qehdD
a3e85434-8bc2-3f6c-8a34-828ea8ee6433,Dr.,Jayson,Maggio,"36/77 Streich Circle",Poblacion,Balanga,"Agusan del Sur",Philippines,169-109-983,"(0911) 476-8762","Murphy, Beier and Murazik",http://www.heathcote.com/,"Air Traffic Controller",black,1971-10-19,cboyer@prosacco.com,5Cr7-~g}D|x/_W<j5}f
3284b4b9-60b9-3a4d-869f-41aca28da09d,Ms.,Aidan,Conroy,"10A O'Keefe Unions Apt. 321",Poblacion,"San Pablo",Apayao,Philippines,843-161-003,"(0937) 865-6246","Schultz, Hettinger and Hoeger",http://www.lemke.com/,"Civil Engineering Technician",purple,1997-09-12,fadel.mattie@kautzer.biz,VIUfDPp7
a76cb709-5f0e-37bb-9194-67bc5d83d422,Dr.,Bailey,Kuvalis,"18A McCullough Mountains Apt. 015",Poblacion,"Tarlac City","South Cotabato",Philippines,063-902-355,"+63 (918) 385-0716","Schaefer Inc",http://www.stracke.com/eum-aut-consectetur-eum-nesciunt.html,"Photographic Developer",green,1985-05-15,christine.rutherford@schaden.com,y8v6@0+=&)V%
86506459-7e68-35b8-a7ea-6f352552a48e,Dr.,Landen,Morar,"47A/41 Harvey Key",Poblacion,Taguig,"Lanao del Sur",Philippines,862-100-492,"(0996) 833-9039",Tromp-Ebert,https://barrows.com/eius-harum-voluptas-voluptatem-dignissimos-beatae-omnis.html,"Coremaking Machine Operator",fuchsia,1997-11-14,tromp.antonietta@yahoo.com,0d@fB/G
06d86bfc-acb3-3ca6-8026-94bee88cb7ae,Dr.,Wilmer,Kulas,"87A Nitzsche Heights Suite 771",Poblacion,Dumaguete,"Negros Oriental",Philippines,007-867-962,"+63 (978) 872-4267","Schoen, Hansen and Pagac",http://www.corwin.com/,"Loan Interviewer",fuchsia,1991-12-22,wiegand.herman@yahoo.com,y7l#u^!~_wz38
815030b1-ef18-3748-bee4-ac6315824cd8,Dr.,Sylvester,Powlowski,"56/76 Dietrich Roads Suite 821",Poblacion,Caloocan,"La Union",Philippines,513-855-293,"+63 (916) 990-3254",Dietrich-Roberts,http://www.blick.biz/magni-maxime-eum-veritatis-ratione-aut-autem-molestiae-tenetur,"Broadcast Technician",black,1998-01-24,hirthe.eryn@walker.com,JBPBTF3ntqSO
d0d50a56-e1b6-3160-8804-9cf4809bda9e,Mrs.,Virgie,Dickinson,"94A Witting Villages Apt. 946",Poblacion,Parañaque,"Camarines Sur",Philippines,537-844-485,"+63 (975) 932-7783","Stiedemann and Sons",http://www.barrows.com/,"HVAC Mechanic",navy,1987-09-12,tkohler@gmail.com,lr0:)3Jfr4It'
6a813c16-6442-352c-97cf-a7d0cb716673,Prof.,Burnice,Quitzon,"80 Dicki Neck",Poblacion,Ormoc,Romblon,Philippines,242-063-846,"(0813) 630-6435","Graham and Sons",https://terry.biz/harum-consectetur-et-expedita-sunt-tempora.html,Sculptor,teal,2018-04-13,garland.hirthe@yahoo.com,"E+7u%J"""
bd8690cf-8a0c-35ca-bf80-8912a957871b,Dr.,Stevie,Walker,"56 Boehm Turnpike Suite 841",Poblacion,"Sorsogon City","Lanao del Sur",Philippines,056-445-092,"(0974) 567-6788","Torphy and Sons",http://nikolaus.com/veritatis-eaque-quo-ut-aliquam-at-impedit,"Credit Checkers Clerk",purple,2001-11-01,shand@gmail.com,"BVyk%/V\rpl}D"
761d9972-31d7-34a4-8475-e79f128d3f56,Mrs.,Rebeka,Grady,"00A/11 Gleichner Inlet",Poblacion,Bacoor,"Surigao del Sur",Philippines,091-705-275,"+63 (978) 874-3712",Steuber-Block,http://auer.com/,"Electrolytic Plating Machine Operator",olive,1977-04-18,ctillman@rutherford.org,"3PnCMR{D61Yb""F]Ew+"
f96949b8-f1cc-3e62-bdc3-b63e3669d9ea,Ms.,Fatima,Beer,"45A Feil Wells",Poblacion,"Batangas City","Surigao del Norte",Philippines,665-126-093,"+63 (817) 317-8578","Osinski LLC",http://www.harris.com/,"Floor Finisher",black,2009-03-20,baylee83@yahoo.com,"1jEqD,"
f24b786b-78b9-3f11-8110-30bee4a29b41,Ms.,Henri,Runolfsson,"16 Gislason Rue",Poblacion,"San Carlos","Misamis Occidental",Philippines,855-302-085,"+63 (817) 756-8619","Rosenbaum, Huel and Hyatt",http://www.dach.com/quis-cupiditate-error-dolorem-corrupti-fuga-ut,"Bartender Helper",olive,2000-09-20,econnelly@yahoo.com,"qLdpbS.*K@"""
727570cf-aa8f-31e9-94ff-806b3276d77d,Mrs.,Kavon,Jacobi,"70 Schowalter Course Apt. 845",Poblacion,"San Jose",Abra,Philippines,052-698-014,"+63 (817) 188-1337","Feeney Group",https://leannon.com/ex-minus-iusto-minima-quaerat-eum.html,"Food Preparation and Serving Worker",blue,2009-11-23,dmosciski@hotmail.com,"+bmQKvIvYL;N=Q\,DPV~"
9607afc4-45be-3d32-a2fb-a647fbda0aab,Prof.,Francisca,Koch,"91/11 Crist Gateway",Poblacion,Maasin,Palawan,Philippines,368-827-125,"(0934) 859-1556","Batz, Koelpin and Lakin",http://schaden.com/eveniet-labore-expedita-repellendus-et-voluptatem-ex,"Building Cleaning Worker",white,1991-05-24,ykulas@beier.org,IS1/RMA
bad86d4f-7096-39ca-89b7-68ca94720569,Ms.,Rose,Watsica,"82/91 Hodkiewicz Pine Apt. 814",Poblacion,Dasmariñas,Pampanga,Philippines,344-537-186,"+63 (938) 708-8103",Swaniawski-Abshire,http://murray.com/a-rerum-sit-praesentium-voluptatem,Carpenter,navy,1972-02-16,iva.romaguera@hoppe.org,@H0p5lDKk:KJ~
53ca2193-84cc-3121-884f-db6b33a82449,Dr.,Stephon,Oberbrunner,"51 Gutmann Mountain Suite 037",Poblacion,"San Pedro",Abra,Philippines,334-114-560,"+63 (947) 266-6315","Conn and Sons",http://strosin.net/illum-et-quia-est.html,"Forest and Conservation Worker",olive,2022-05-28,rvolkman@gmail.com,EkQ%&i$j
d9962890-8d70-378e-9b5a-24169d3e2763,Prof.,Haylee,Rempel,"21A/16 Swift Rue Apt. 262",Poblacion,Navotas,"Surigao del Sur",Philippines,091-795-806,"(0977) 388-4912","Muller, Braun and Marvin",https://lubowitz.com/quo-natus-earum-et-eaque-fugiat-voluptate-dolor.html,"Locomotive Engineer",black,2013-02-15,witting.alyson@crooks.net,F$wHR1_
2187ea2d-a7a5-3647-96e9-5a1c4318a607,Dr.,Asha,Jacobs,"95 Wilderman Shoal",Poblacion,Victorias,"Davao del Sur",Philippines,234-998-663,"(0944) 227-6029","Weissnat Inc",http://www.gleichner.com/non-rerum-doloremque-fuga-illum-neque,"Tire Builder",olive,2008-09-18,xleannon@gmail.com,([I3|<{
5dcccc26-f153-3589-ab44-ed4092aadffc,Prof.,Adelbert,Kemmer,"73A Schuster Loaf",Poblacion,Mabalacat,Iloilo,Philippines,102-348-707,"(0928) 807-4036","Satterfield, Schaden and Ryan",http://www.dietrich.com/quasi-qui-saepe-maxime,"Skin Care Specialist",gray,2015-03-05,ilegros@hotmail.com,"UE^I2?k5DY3Q!6C,#5]O"
093e7826-f9d4-3c5b-b93a-2ac05d86a289,Mr.,Serena,Beatty,"96/60 Moore Plaza",Poblacion,Borongan,Laguna,Philippines,881-740-485,"+63 (997) 066-5091","Carroll Group",http://www.nicolas.com/ut-facere-aliquam-repudiandae,"Marking Clerk",gray,1992-07-20,koss.germaine@hotmail.com,tYz0;$U<
7a4fd0ec-2c38-3214-a103-982aaac8fe95,Ms.,Elbert,Raynor,"37A Schinner Summit",Poblacion,Silay,"Nueva Ecija",Philippines,108-596-125,"+63 (911) 068-9091","Cummings Ltd",http://kub.com/consectetur-rerum-hic-rerum-asperiores,"Nuclear Equipment Operation Technician",gray,1994-05-08,ryleigh90@frami.info,HCzB;-0Z44O_zuEf~
5ac2ee83-e85a-30ca-a312-981b44d01654,Mrs.,Liliana,Turcotte,"97 Reinger Cove",Poblacion,Vigan,"Agusan del Sur",Philippines,126-476-311,"(0934) 316-7714","Bartell, Bradtke and Conn",http://www.herzog.biz/aut-consectetur-eos-animi-atque-excepturi-sapiente-consectetur,"Vice President Of Human Resources",navy,2001-06-03,aurelia.oconner@hotmail.com,CY35qqXd
ba60c754-81be-354b-8dad-d97ddfbc8044,Prof.,Dangelo,Feil,"26 Swift Creek Apt. 798",Poblacion,Cabadbaran,"Camarines Norte",Philippines,541-841-366,"(0912) 364-0708",Jacobs-Nicolas,http://www.hirthe.biz/optio-vel-quis-similique-cumque-qui-adipisci,"Biological Technician",blue,2024-08-04,raul32@reichel.com,oTlF;~Buo]v'~=P
fa14d3c8-84c6-3916-bcbc-5e90b8f5eede,Dr.,Magali,McKenzie,"38A Lemke Camp",Poblacion,Talisay,"Davao Oriental",Philippines,358-462-552,"(0936) 837-2714",Schoen-Goyette,https://www.cronin.com/voluptatem-similique-quia-minus-provident-ut,"Marine Oiler",green,2015-02-22,nstark@trantow.com,|l:^{>q2
506d912a-8ca2-3523-8453-449346bca2bf,Prof.,Carter,McKenzie,"50 McDermott Gateway",Poblacion,Navotas,Ifugao,Philippines,731-857-573,"+63 (905) 204-1113","Collins, Herzog and Mohr",http://www.mann.org/et-ipsum-doloribus-molestiae-delectus.html,"Petroleum Technician",navy,1971-06-07,lilly20@yundt.com,jaFi5>6@4
fa3c7500-c5f6-3574-8d07-4ad590d568ef,Mr.,Bart,Predovic,"24A/78 Lemke Turnpike",Poblacion,Tacloban,Aklan,Philippines,627-429-515,"(0989) 823-0801","Howe LLC",http://www.lemke.com/distinctio-porro-est-et-et-debitis-cum.html,"Software Engineer",silver,1989-08-21,zbarrows@friesen.com,I&iPHL}$o?v<N('FK
19f728ce-f0ad-350f-9790-35f1525b876e,Mrs.,Ashley,Fahey,"02A Weber Parkway",Poblacion,Balanga,Cagayan,Philippines,415-082-563,"(0929) 225-3228","Nitzsche Inc",https://jacobson.com/et-iste-architecto-molestiae-sapiente.html,"GED Teacher",black,1991-08-06,xmohr@gmail.com,"xaKcpEdO0m\=k"
318fbdfd-70aa-3891-9fa4-a7ba919def96,Prof.,Hailee,Swaniawski,"90 Ziemann Viaduct",Poblacion,Mandaue,Tarlac,Philippines,945-721-976,"+63 (935) 591-7363","Ratke and Sons",http://www.conroy.biz/molestias-sapiente-cumque-delectus-explicabo-nihil-eaque,"Natural Sciences Manager",maroon,2004-07-27,dedrick.pollich@hoppe.net,"[/bB,(ri1b"
5786b63b-f7cd-3c7b-be34-e5c78e65abdf,Ms.,Gudrun,Mante,"16/22 Renner Curve",Poblacion,Bayugan,Iloilo,Philippines,835-127-272,"(0917) 261-5638","Baumbach and Sons",https://www.feest.info/dolor-eum-ut-facilis-commodi-aut-quaerat,"Rail Car Repairer",purple,2000-01-22,glover.hank@reinger.info,"Iupb-&Qm!5%Nh7m""XzL)"
d317215a-7852-3ecc-9f5b-1fef84528143,Miss,Isom,Metz,"24 Auer Mews",Poblacion,Himamaylan,Bukidnon,Philippines,233-858-274,"+63 (923) 395-2738","Miller, Sipes and Rice",https://www.mitchell.biz/aut-omnis-dolor-tempore-ut-praesentium-at-distinctio,Hydrologist,blue,1994-11-04,quigley.henriette@gmail.com,"(^jK}#_}]=xp\aG|8'l"
2fe9237d-f2a3-3195-92b0-438590dc1f7a,Dr.,Joseph,Heller,"33 Marks Orchard Apt. 900",Poblacion,"San Pedro",Laguna,Philippines,846-985-464,"(0949) 494-3500","Leffler and Sons",https://terry.info/error-in-quis-consequatur-sit-dolor-molestias-excepturi.html,Inspector,teal,2007-02-26,keebler.hailie@gmail.com,w!ijA<
4918b0e3-be91-307b-9890-b04a3f07264f,Dr.,Jarod,Kuphal,"41 Lubowitz Spurs Apt. 716",Poblacion,Canlaon,Rizal,Philippines,183-072-345,"+63 (907) 232-1350",Reinger-Kling,http://www.okeefe.net/,Home,aqua,1998-05-18,theodore31@kub.com,"NjrH&i(A7Cf8+K\u?cZ"
53049727-06a7-3d8f-bfbc-c6a04863973d,Mrs.,Rickie,Koss,"68A Hermann Shoal Suite 698",Poblacion,Lucena,"South Cotabato",Philippines,379-391-527,"(0939) 576-4689","Spencer, Herman and Schaden",https://www.krajcik.com/architecto-eos-omnis-perspiciatis-nisi-cumque-modi,"Wind Instrument Repairer",yellow,2002-11-17,ohill@yahoo.com,Qr|Wi4wr.4TLD8}K
b2d11987-149f-354f-919c-0eab095f5f11,Mrs.,Deron,Weber,"16 Olson Route",Poblacion,Dipolog,"Occidental Mindoro",Philippines,683-957-418,"+63 (989) 964-0030","Cassin, Will and Brown",http://www.kuhn.biz/consectetur-soluta-accusamus-molestias-culpa-odit-laborum.html,Composer,lime,1998-06-17,thauck@ankunding.com,Dle;)^*il
7cf175d7-88cc-3b43-8b1c-b839a31f2823,Mrs.,Luna,DuBuque,"67/53 Kerluke Pike",Poblacion,Cauayan,Bukidnon,Philippines,997-027-743,"+63 (978) 089-2432","Grimes, Jast and Mitchell",https://lebsack.info/commodi-omnis-exercitationem-ut-aut-soluta-quas.html,"User Experience Manager",green,2003-02-06,ehalvorson@gmail.com,~fRfvY&
3cf3e92d-2c7b-397c-af61-b271f3f32ca8,Mr.,Paige,Schiller,"00A Hane Fields",Poblacion,Samal,Masbate,Philippines,770-878-852,"+63 (921) 715-4506","Wolff PLC",https://abernathy.com/omnis-a-consectetur-natus-asperiores-nam.html,"Biological Technician",maroon,2020-02-06,lorenzo20@nienow.com,u/X+JBFESNFpXmd3hv~y
ba5653ce-a9ca-3a81-9a04-374751104745,Prof.,Nicolas,Fahey,"90A Heidenreich Junction",Poblacion,Tabuk,"Ilocos Sur",Philippines,511-452-638,"(0905) 541-8593","Christiansen Group",http://www.oreilly.com/quia-aliquam-odit-repudiandae-exercitationem,"Office and Administrative Support Worker",aqua,2005-04-29,gulgowski.antonina@hotmail.com,"(Q.wB""t"
38cae0eb-b044-3b57-aed3-3c0aae2b3ba9,Dr.,Jerod,Schimmel,"21 Toy Freeway Apt. 839",Poblacion,"General Santos",Quezon,Philippines,371-297-889,"+63 (980) 203-9170","O'Keefe PLC",http://rosenbaum.biz/iusto-non-laudantium-nihil-enim-aut-odio.html,"Metal Pourer and Caster",lime,1986-02-17,mshanahan@emard.org,bzu??6X!wD@2{xhY
6e92105d-8e2a-3f6a-aa24-3c664d2dfe3a,Prof.,Osborne,Gislason,"91/66 Miller View Suite 255",Poblacion,Tabuk,"Davao Oriental",Philippines,091-689-120,"(0938) 679-2311","Johnson, Senger and Kassulke",http://www.senger.com/consequatur-earum-sit-est-aut-sint,"Chemical Equipment Operator",gray,1982-09-24,kaylin16@hotmail.com,tvSc3Gg
9044656f-7e13-3390-9d35-c8f793cfa1e8,Prof.,Shania,Jerde,"08A/87 Bahringer Ports Apt. 213",Poblacion,Candon,Aurora,Philippines,140-102-220,"+63 (908) 626-4092","Klein, Purdy and Macejkovic",http://www.murray.org/voluptatem-deleniti-voluptatem-maiores-magni,"Gaming Cage Worker",lime,1973-09-06,olarkin@pagac.biz,ED'&QBp5!rR
c4c93954-bef1-36de-bf99-e02c979ffb4e,Mr.,Demarco,Hermiston,"68 Williamson Flats Suite 855",Poblacion,"San Carlos","Occidental Mindoro",Philippines,427-780-821,"+63 (978) 341-5987","McClure, Waters and Feil",http://www.towne.com/,"Production Helper",fuchsia,1984-12-16,bode.dax@hegmann.com,"GT`LXL^fXt""vUqI"
146ef34a-98fc-368a-9dbf-db37474a80d9,Prof.,Dora,Treutel,"98A Howell Corners Apt. 928",Poblacion,Tagum,Cebu,Philippines,105-206-242,"+63 (917) 198-0621",Beatty-Stoltenberg,http://mclaughlin.com/maiores-quas-corrupti-esse-quis,"Grounds Maintenance Worker",white,1995-09-29,timmothy20@gmail.com,45A#I&m
fdba3e64-e22c-313e-8388-8c2fd87a5926,Prof.,Norwood,Schimmel,"57A Gleichner Flats Apt. 872",Poblacion,Lamitan,"Nueva Ecija",Philippines,002-445-953,"+63 (922) 713-0194","Grimes, Shanahan and Swift",http://becker.com/atque-est-quibusdam-eos-quis-eos,"Cutting Machine Operator",teal,1993-09-18,joyce15@gmail.com,"""H0TPJu"""
75da8efb-ffb7-3c60-bf52-31e5c19f3e4c,Prof.,Godfrey,Stracke,"74 Gleichner Shoals",Poblacion,Kabankalan,Apayao,Philippines,830-461-955,"+63 (912) 248-9256","Pfannerstill, Schowalter and Swaniawski",https://wolf.com/fuga-a-deleniti-doloremque-blanditiis-qui-mollitia-in-nostrum.html,"Veterinary Assistant OR Laboratory Animal Caretaker",teal,2008-03-14,gemard@collier.com,"mL:3r\-qy!a2Pd}<&*y+"
d612b087-97a2-399b-843d-b4001420f107,Prof.,Madaline,Walter,"63 Tillman Parkway Suite 525",Poblacion,Makati,"Negros Oriental",Philippines,745-105-571,"(0971) 726-6916","Brekke Ltd",http://langosh.com/molestiae-quia-atque-consequatur-sit-cumque,"Motorboat Operator",lime,1999-02-23,lkertzmann@doyle.com,6V*/wW4!;<]yH`X{
165def5f-d940-3018-a38e-56ace98085a4,Mr.,Edmond,Ziemann,"92 Stiedemann Mount Apt. 962",Poblacion,"Iloilo City","Lanao del Norte",Philippines,590-692-575,"+63 (918) 264-3337",Abshire-Orn,http://www.pacocha.com/aut-quo-aut-provident-suscipit-maxime.html,"Fabric Mender",purple,2017-09-22,deanna.labadie@hotmail.com,"p\olH`aE-h:iIK#M1*"
c8201916-c2fa-3d67-a940-ada0d8e2361c,Mrs.,Raymundo,McDermott,"50A McGlynn Crossroad Suite 691",Poblacion,Angeles,"Dinagat Islands",Philippines,196-116-130,"+63 (915) 239-9974","Zulauf, Stark and Lesch",http://www.berge.biz/,Accountant,yellow,1991-03-25,greta.hintz@harber.net,9_akv5X5[mmX<&v0+J:
424fd692-2c03-34af-9480-87d788c5353d,Ms.,Dominique,Lowe,"16A Paucek Mission Apt. 460",Poblacion,Dumaguete,Laguna,Philippines,478-449-171,"(0911) 583-8830","Franecki Group",http://grimes.com/alias-rerum-vero-dolor-reprehenderit-cumque-aut-porro.html,Manicurists,green,2014-06-05,rick21@collier.com,64C;ixbo'
9147c756-95a0-35ed-ab37-21a13570e927,Prof.,Unique,Rath,"68/52 Lemke Island Suite 739",Poblacion,Roxas,"Misamis Oriental",Philippines,382-703-229,"+63 (933) 152-2224","Moore and Sons",https://shanahan.com/sed-minima-ratione-ipsam-possimus.html,"Teacher Assistant",purple,1992-06-24,walter69@fahey.com,'-4d#?>Sx6.zM/+-
a2e40aee-e29b-3764-96a7-c95c56aa5dd9,Dr.,Susanna,Hill,"50/39 Gleason Square",Poblacion,Ligao,Benguet,Philippines,528-871-485,"+63 (813) 137-5602",Williamson-Labadie,http://heller.com/,"Armored Assault Vehicle Officer",teal,2004-02-13,kylie48@gmail.com,"hT$<{qS0y""{pF_B@z#l"
30b80523-fc17-3b17-9d5c-bc60ff62f2c1,Miss,Jamir,Ebert,"45A/07 Reichel Prairie Apt. 567",Poblacion,Mabalacat,Albay,Philippines,893-575-894,"(0977) 698-1872","Dooley Ltd",http://marvin.org/dolorum-nobis-voluptas-perferendis-accusamus-accusamus-suscipit-blanditiis.html,"Sawing Machine Setter",aqua,2008-10-04,mara.bechtelar@zemlak.com,e;s)ualYPsHy4d
061a3c85-63ba-372e-8f6b-b815fb4060f4,Prof.,Josue,Will,"56/10 McCullough Trafficway Apt. 380",Poblacion,Tandag,"Davao Oriental",Philippines,330-331-991,"+63 (919) 998-0196",Witting-Zboncak,http://corkery.org/,"Portable Power Tool Repairer",maroon,2005-10-28,ccasper@gmail.com,"i1h-Q%Cz,78G)quS/o$V"
07afa3b4-3551-35a4-8c37-c34bb3cc13d7,Mrs.,Timmy,Johnston,"20A/30 Hill Via",Poblacion,Ormoc,Tarlac,Philippines,855-284-433,"+63 (975) 264-9540",Herzog-Kuvalis,http://www.greenfelder.net/et-facere-reiciendis-molestiae,"Drycleaning Machine Operator",maroon,1984-04-29,gutmann.aimee@yahoo.com,"O>Wph,L"
ee331390-7226-3282-a8c9-506870089be2,Mrs.,Ima,Nicolas,"30/78 Spinka Views",Poblacion,Himamaylan,Batangas,Philippines,262-776-712,"(0999) 635-9184",O'Kon-Wilderman,https://harber.biz/ipsa-dignissimos-maiores-eveniet-in-maxime.html,Glazier,gray,1984-11-11,telly63@gmail.com,iMMIG&0r
51cd521b-3ff2-3e3d-a808-46665270e1ba,Prof.,Cora,Sporer,"73 Quitzon Squares",Poblacion,Taguig,"Dinagat Islands",Philippines,540-600-813,"(0994) 512-4943","Donnelly Group",http://prosacco.org/dolorem-quibusdam-quos-nemo-provident-inventore-tempora-odit.html,"Textile Knitting Machine Operator",aqua,1985-06-11,rhickle@hotmail.com,"Jk\W)+M$t`##9-a5\"
c92a6a89-62e2-3fb7-91fa-7ebd37c34d04,Dr.,Isobel,Barton,"59 Crooks Track",Poblacion,Borongan,"Mountain Province",Philippines,597-889-790,"+63 (921) 107-1439","Reichel, Wiza and Stiedemann",http://www.haley.info/,"Fashion Designer",silver,1994-01-07,kaley11@hotmail.com,"b&Y6F,]jJ$)D<}uX"
40a258a0-736c-3fef-908d-7753710dcb73,Mrs.,Gwen,Kautzer,"49 McKenzie Forks Apt. 033",Poblacion,Isabela,"Surigao del Sur",Philippines,679-017-758,"(0907) 378-3417",Stiedemann-Lockman,http://www.hayes.com/eius-non-praesentium-ut-sit-animi-enim-accusantium.html,"Ophthalmic Laboratory Technician",gray,2009-06-18,jbogisich@hotmail.com,U}}D^%b/*pp
f4a0b988-28c2-3d7e-9dd5-4f47d0b2d6d4,Prof.,Imelda,Wintheiser,"84 Auer Flat Suite 704",Poblacion,Cadiz,"Nueva Vizcaya",Philippines,681-480-812,"(0994) 873-6362","Herzog, Schamberger and D'Amore",http://hansen.com/,"Press Machine Setter, Operator",maroon,1979-01-02,bernice.daniel@hotmail.com,Dx$<diBdn
adfb01ed-9b51-3cc9-8d9b-ed8d515f94f6,Dr.,Faye,Cormier,"88A/92 Gislason Locks",Poblacion,Urdaneta,Abra,Philippines,945-077-847,"(0928) 351-7378","Schuster, Collins and Jerde",http://carter.biz/voluptatem-dignissimos-tenetur-eveniet-natus-et-explicabo-non-eaque,Lawyer,black,1990-07-18,joan03@borer.info,#syU3tX@~kQ!o
316548f2-18f3-3f01-97fc-9b217f268a3d,Prof.,Myles,Schaefer,"19 Reynolds Dam Suite 024",Poblacion,Kidapawan,Camiguin,Philippines,730-750-031,"+63 (944) 124-0586","Goldner, Runolfsdottir and Lebsack",https://www.braun.net/et-maxime-numquam-perspiciatis-dolor-odit-esse-accusamus,"Gaming Dealer",white,1985-05-14,donnelly.dylan@bechtelar.info,z*&kpK$u*c
2bbbe798-d5cd-3b1e-ae4c-e218c73b7967,Prof.,Patience,Pacocha,"29 Bogan Branch",Poblacion,Mandaluyong,"Eastern Samar",Philippines,497-204-987,"+63 (980) 933-0739","Wiegand Inc",http://www.rowe.org/ut-ab-dolorem-perspiciatis-quas-dolorem-officia-aut-quas.html,"Environmental Compliance Inspector",olive,1995-01-18,robin84@hotmail.com,"IoT?SN2~ZAM,a;YB"
4ac44b40-26d5-37c6-9824-584ad1795e17,Dr.,Cole,Langosh,"61/18 Sporer Extension Suite 105",Poblacion,Tagum,Romblon,Philippines,789-484-986,"(0926) 786-7868",Anderson-Gleason,http://www.mann.com/voluptatum-voluptatum-amet-aperiam-sit-laboriosam-est-aut.html,"Protective Service Worker",teal,2002-10-16,conroy.beau@yahoo.com,IsXb3&pg9nE34lN
f8704673-cc16-38eb-b128-328ad3a4f924,Mrs.,Howell,Hessel,"57A Hermann Terrace Apt. 600",Poblacion,Alaminos,Sarangani,Philippines,707-558-709,"+63 (929) 964-4115","Barton Ltd",http://www.gottlieb.com/neque-sit-unde-quas-natus-voluptatem-officiis-reiciendis-explicabo,"Power Generating Plant Operator",black,1972-02-11,bethel.carter@okuneva.com,=l_Q}QY5N%;uU%MX
7dc5cc21-854f-3310-860c-b40aa7bdc786,Prof.,Horace,Tromp,"54 Wisozk Radial Suite 920",Poblacion,Manila,"Lanao del Norte",Philippines,072-149-981,"(0998) 851-0639",Stroman-Gulgowski,http://murray.org/dolorem-autem-quia-nulla-nihil-voluptate.html,"Patrol Officer",teal,1970-03-11,alexis38@hotmail.com,6R?^Qd%``S[}31'
dbf4d313-0ac9-3e44-9093-4e5f89b00031,Mr.,Candelario,Dicki,"71/73 Kertzmann Villages",Poblacion,Lucena,Kalinga,Philippines,018-523-758,"+63 (936) 735-6721","O'Keefe, Hettinger and O'Reilly",http://www.luettgen.biz/,"Insurance Sales Agent",silver,1994-04-03,hassan80@zulauf.com,D3Y-lFgwOQ1.bFIHWde
5af6923b-ed7c-3ee5-ba95-fe8db1a136c8,Prof.,Mozelle,Willms,"08A Kuphal Rest Suite 270",Poblacion,Panabo,Laguna,Philippines,071-103-032,"+63 (978) 001-5318","Connelly, Welch and Ondricka",http://marquardt.net/est-voluptatem-quia-vel-veniam-vel-qui-autem,"Pipelaying Fitter",gray,2003-06-28,demario86@yahoo.com,(009b-t_n:)8]-saa
18d350c5-9a7b-3beb-880e-d5cef5a21bf2,Mr.,Eudora,Denesik,"84A/65 Watsica Hollow",Poblacion,Tabuk,Romblon,Philippines,884-851-892,"+63 (915) 313-4357",Brekke-Corkery,https://lind.net/fuga-tempore-ullam-eligendi-quas.html,"Transportation Equipment Maintenance",gray,1973-04-01,shaniya.crist@hotmail.com,"?vp0yYJ}0}<\!BhAQ1Fp"
ed9953a7-b6f2-3367-8e6d-41094db15227,Dr.,Lazaro,Herman,"78A Krajcik Street",Poblacion,Cabadbaran,"Lanao del Sur",Philippines,304-969-465,"+63 (927) 639-6717","Kreiger LLC",http://www.emmerich.com/dolores-rem-architecto-consequatur-rerum-doloremque-nemo,"Healthcare Practitioner",white,2015-08-28,kadams@cremin.info,ggItu(
74947668-b958-3454-9620-ebfa3a063f7c,Ms.,Macy,Ritchie,"52A/57 Labadie Stream",Poblacion,Valencia,"Lanao del Sur",Philippines,641-216-439,"+63 (931) 569-0352",Pfannerstill-Mayer,https://gleichner.com/tempora-quod-blanditiis-laborum-repudiandae-odio.html,"Petroleum Pump Operator",green,2013-06-08,jenifer.bernhard@sanford.biz,X!Ubn)}gJb<
dca64246-f548-35fd-a829-990203efa87a,Ms.,Reta,Kertzmann,"07A/68 Reinger Circles Apt. 503",Poblacion,Lucena,"Negros Oriental",Philippines,434-726-504,"(0927) 063-8205","Sawayn, Hickle and O'Keefe",http://fadel.com/,"Watch Repairer",purple,1992-12-09,tpurdy@gmail.com,"OS/b\%"
810b79d3-ca01-3d22-9871-5292db21a7de,Dr.,Reanna,Heaney,"94/71 Pacocha Shores Apt. 647",Poblacion,"San Pablo",Tawi-Tawi,Philippines,872-026-150,"+63 (973) 603-6959","Bailey, Casper and Mraz",http://lind.org/quis-vitae-quis-fuga-laudantium.html,"Fitness Trainer",silver,2009-10-16,bogan.vaughn@wuckert.com,;A:vKu8u&k~L4+a<
2cfcf8c9-6f41-3b75-b9db-873ef98f2fb7,Miss,Rickie,Wisozk,"13/55 Bechtelar Turnpike",Poblacion,Legazpi,"Lanao del Norte",Philippines,521-198-875,"(0980) 142-1513","Ritchie Inc",http://huel.net/,"Home Appliance Installer",green,2000-09-02,whitney57@gmail.com,";f,pcWv-{]n=k7"
3282e654-5e75-3ac0-9846-ac79a880b891,Mr.,Christopher,Swaniawski,"17/29 Oberbrunner Flats",Poblacion,Tagaytay,Capiz,Philippines,157-550-131,"(0974) 517-1872",Murray-Rice,http://herman.net/odio-sed-accusantium-enim-aut.html,Carpenter,silver,1979-05-25,otillman@lehner.com,")\|5w|Gw:j:4>PZI"
17d08f45-6c7c-3dde-b7b6-c4f412aba33f,Miss,Chad,Kerluke,"13A Beatty Union Apt. 275",Poblacion,Tangub,Iloilo,Philippines,717-973-936,"+63 (949) 046-3475","Volkman and Sons",https://becker.com/laudantium-vero-eligendi-corrupti-cum-ratione.html,"Metal Fabricator",aqua,2002-04-22,rice.jon@christiansen.biz,$A|VL8
50bb47e2-b2f6-3999-98ca-fd2fa8fdbd65,Prof.,Madge,Gottlieb,"28 Hirthe Creek Suite 584",Poblacion,"San Jose",Catanduanes,Philippines,809-223-343,"+63 (900) 863-4046",Mertz-Mosciski,http://luettgen.biz/,"Creative Writer",olive,1982-08-06,hazle38@yahoo.com,5Jk4R4DvqyD
203f5cc4-9190-31e5-b97f-c74fb3106f39,Prof.,Deshawn,Green,"90A O'Hara Groves",Poblacion,Balanga,"Metro Manila",Philippines,227-044-517,"+63 (916) 980-6697","Skiles, Hahn and Rippin",http://champlin.info/quaerat-debitis-autem-sed-ipsum.html,"Municipal Court Clerk",purple,2006-05-05,kertzmann.jannie@adams.com,[g!tr+
87c55bcb-3db3-366b-b645-d10e7ef41262,Mr.,Gladyce,Cremin,"48A/77 Emmerich Prairie",Poblacion,Muñoz,"Ilocos Norte",Philippines,039-849-823,"+63 (817) 745-4191","Jones, Kling and Kertzmann",http://lakin.org/adipisci-aut-est-eum-exercitationem-provident,"Metal-Refining Furnace Operator",white,2022-07-07,isabella.moen@gmail.com,%kh;Id[Sk1+iIpe{
e7163736-acdd-357c-aa9c-c478c8dd310a,Prof.,Reece,Ferry,"22/83 Monahan Drive Suite 772",Poblacion,"Puerto Princesa",Camiguin,Philippines,265-271-520,"+63 (906) 260-1016",Cormier-Considine,http://www.powlowski.biz/est-ab-blanditiis-eum-delectus-libero-debitis,"Bridge Tender OR Lock Tender",lime,1994-08-05,donald.damore@yahoo.com,"?(=u4}HF3A5u""vCZ"
60595a3b-9a48-3b3c-9bb5-d00fb65eb870,Prof.,Judge,Weissnat,"96A Koepp Lodge Apt. 894",Poblacion,Marawi,"Nueva Ecija",Philippines,190-777-119,"(0813) 601-6323",Bergstrom-Nicolas,http://gusikowski.com/officiis-ut-eveniet-dolorem-architecto-cupiditate-rerum-repellendus.html,"Movie Director oR Theatre Director",navy,2018-04-07,klocko.maddison@sawayn.com,"ku|[5""wi8#,"
a07302fb-32fd-3a6f-b6a5-5645425d0c29,Dr.,Jamir,Funk,"32 Leffler Knolls Suite 207",Poblacion,"Cebu City","Lanao del Sur",Philippines,614-938-803,"+63 (973) 369-0931",Huels-Romaguera,http://www.mcclure.com/mollitia-laborum-omnis-nisi-et.html,"Central Office Operator",silver,2006-02-03,nluettgen@farrell.com,"7\S&</+AZLWQ"
156d1c7a-c254-3ca4-8fc9-a4bb74d62972,Mr.,Maximus,Mills,"12A/34 King Ferry Suite 224",Poblacion,Ormoc,Catanduanes,Philippines,506-423-943,"(0920) 149-8648",White-VonRueden,http://www.mills.com/,"Farm Equipment Mechanic",gray,1997-05-27,kathryn28@dickens.info,!CTEhL*a@
85827393-b115-3ee5-b1bc-27e128f29e92,Prof.,Lexus,Crona,"95/31 Cassin Rapids",Poblacion,Catbalogan,Bohol,Philippines,754-831-060,"+63 (931) 983-3399","Weimann, Luettgen and Wyman",http://www.veum.net/,"Mental Health Counselor",teal,1991-05-25,julianne.mckenzie@hotmail.com,9)%:`vg[$w{j4
b48f35cc-b57a-3a67-8021-2b5517e08ef9,Mrs.,Earline,Smith,"55A/79 Johnson Spurs",Poblacion,Digos,"Surigao del Sur",Philippines,777-516-263,"+63 (927) 971-4454",Brakus-Lesch,http://www.mcglynn.com/deleniti-vero-id-id-sunt-perferendis-et,"Administrative Support Supervisors",silver,1985-09-21,mwalter@collins.com,@W>'!kz.ovpt|e2rr(
b8356f2b-c561-3b97-b39d-1037b047dd1c,Mrs.,Rhea,Oberbrunner,"17A Luettgen Forest Apt. 309",Poblacion,Iriga,Isabela,Philippines,157-552-429,"+63 (928) 842-3309","Larkin PLC",http://www.sanford.com/et-velit-voluptatibus-natus-aut.html,"Clinical School Psychologist",blue,1983-01-12,elody41@yahoo.com,QQJKCXyp
cf74f63d-4273-3c80-b535-ddd5b67d4662,Mrs.,Salma,King,"99A/53 Kutch Isle Apt. 127",Poblacion,"Masbate City",Apayao,Philippines,176-796-982,"(0935) 287-9052","Reilly LLC",http://www.pollich.com/,"Secondary School Teacher",silver,1974-09-18,santiago.funk@johnson.com,pMVRFE@wpQ:
01fc9843-b43a-3f45-a8fc-967c1f606060,Mr.,Wilbert,Howell,"05A/71 Fisher Forest Apt. 766",Poblacion,Dagupan,Romblon,Philippines,028-944-499,"(0907) 101-8656","Kemmer, Considine and Oberbrunner",http://marvin.com/asperiores-quisquam-nisi-eum-animi-dolores-eos,Artist,teal,1999-07-13,hwalter@cruickshank.com,"0VL"")P-x"
e546c781-95a3-33cf-92c0-40b4d4110df8,Mr.,Sydnie,Swift,"97 Windler Highway Apt. 761",Poblacion,"Tarlac City","Eastern Samar",Philippines,648-504-950,"+63 (943) 519-3119",Watsica-Rolfson,https://roberts.info/ab-eaque-praesentium-dolorem-saepe.html,"Clinical Psychologist",lime,1990-05-07,dbayer@schmitt.com,"i08S'aS[^>Sv?Z@\"
1159da42-5634-34ac-95da-a5a7bb7ac2de,Prof.,Noe,Smith,"68A/26 Feest Prairie Suite 639",Poblacion,Biñan,Camiguin,Philippines,304-769-534,"+63 (999) 727-1291","Terry Group",https://mccullough.com/atque-voluptatem-omnis-maiores.html,"Aircraft Body Repairer",navy,1977-02-18,letha34@schultz.org,;**(x7Z3~ZA&$#.uWv
3f37b4da-72c0-39ca-a454-4e0bbdc548de,Ms.,Rhianna,Heathcote,"49 Howell Extension Suite 739",Poblacion,Baguio,Sulu,Philippines,237-482-677,"+63 (930) 857-0873",Schneider-Langworth,http://treutel.com/veritatis-earum-veritatis-explicabo-iste.html,Bookkeeper,black,1972-08-09,kaitlyn.eichmann@tillman.info,{>*$CCT
354e1621-a4ae-3f65-ad7f-5388100eb3ad,Prof.,Viva,Lynch,"46/25 Smitham Stream",Poblacion,"San Fernando",Siquijor,Philippines,717-854-874,"+63 (939) 951-8896",Hegmann-Mayer,https://www.koelpin.biz/itaque-velit-corporis-aut,"Air Crew Member",white,1979-05-31,ruthe.damore@yahoo.com,"Ga6LZ2kp5n1<""aNP%!_"
f06e0c25-36f9-35e6-b0ba-a1cca8a9e5ed,Dr.,Franz,Predovic,"85/44 Oberbrunner Courts",Poblacion,Tagbilaran,"Surigao del Sur",Philippines,676-126-901,"+63 (906) 600-2405","Hirthe, Waters and Stroman",http://nader.org/,"Title Examiner",navy,1987-03-06,devon.cassin@gibson.org,"89KQft[4zi;&m<\$-"
db59c140-53bf-3a08-8cd6-9008021104f9,Dr.,Davin,Ferry,"52A/41 Walter Fort",Poblacion,"San Fernando","Davao del Sur",Philippines,778-354-849,"(0989) 102-3161","Ernser and Sons",http://www.hessel.biz/,"Locomotive Firer",navy,2009-07-27,oral.grant@ferry.biz,dVS0)h_uIy~Vg-:eW1x
16a7a240-1243-3c64-9ffa-541f8d01b902,Ms.,Clara,Ortiz,"78/64 Langosh Squares",Poblacion,Iligan,Quezon,Philippines,690-863-424,"(0997) 801-7103","Stracke Inc",http://beatty.com/ipsam-quia-exercitationem-sequi-repudiandae,"Tractor Operator",white,1989-08-27,feeney.edmund@hotmail.com,"Rr&>dM&4'aw9""H:e[j"
b6a77c4c-dc0d-37ce-95ac-e6185870cfad,Dr.,Laverna,O'Hara,"23A/43 Hudson Brook Suite 123",Poblacion,Tacurong,Apayao,Philippines,373-705-146,"+63 (936) 565-5989","Beahan, Mohr and Purdy",https://www.mcglynn.info/nostrum-nemo-nostrum-autem-possimus,"Purchasing Manager",green,1971-09-10,okuneva.ellie@gaylord.com,!O7Tj)cn0#j]C^@`I4~4
7ec5cb03-b6fa-36e4-91c5-6c66ab837649,Miss,Hollis,Glover,"89A Johnson Dam Apt. 927",Poblacion,"Quezon City","Zamboanga del Norte",Philippines,696-687-303,"(0973) 432-1072","Stamm, Willms and Stehr",https://www.fadel.com/est-sed-fugiat-autem-eligendi,Logistician,navy,1977-01-23,nikki70@hotmail.com,"{(',}4\SmI8=$^l5"
0283085a-1dd5-3a9b-8725-d3baf314eaa4,Dr.,Brennan,Keebler,"51A/21 Nader Stream Suite 063",Poblacion,Baguio,"Davao del Norte",Philippines,616-869-087,"+63 (920) 817-0111","Wisoky Inc",https://www.schowalter.com/nihil-molestiae-maiores-esse-laborum-voluptas-quia-dolore,"Fire Fighter",lime,1995-08-26,rosanna.predovic@hotmail.com,Z1/PC$S{pZhsSg_f{c0L
9dc7590a-5897-3a6f-9278-e18ece617bd1,Dr.,Alberta,Harvey,"36 Tillman Mews",Poblacion,Bacoor,Benguet,Philippines,833-286-755,"+63 (922) 790-9657",Aufderhar-Schulist,https://kshlerin.com/est-consequuntur-dolorum-amet-deleniti-dicta-sint.html,"Recreation and Fitness Studies Teacher",teal,2013-09-10,ansley68@wolf.org,dG`JXqT=E<
9f404bf6-28a4-39eb-99c6-8fdac65074aa,Mrs.,Leopoldo,Howe,"63 Fritsch Road Apt. 388",Poblacion,Tanjay,"Lanao del Sur",Philippines,740-462-936,"(0915) 218-5702","Trantow, Crona and Botsford",http://rice.com/et-dolor-ea-atque-est-laborum-impedit.html,Patternmaker,gray,1981-07-10,sanford.cleo@yahoo.com,Sl==>?
6f087299-215e-36ef-9928-7309e15e775d,Ms.,Tina,Stoltenberg,"51A Kemmer Valley",Poblacion,Lapu-Lapu,"Metro Manila",Philippines,436-151-909,"+63 (911) 842-7404",Hartmann-Bode,http://www.bernier.net/quam-fuga-quis-et-aspernatur-magni,"Vice President Of Marketing",teal,2020-07-27,nicole.larson@brown.info,"y@7B\HK[lT}"
8d35dc53-bc83-3f40-ba9c-7bc8bd41a53c,Miss,Laurence,Langworth,"76A Hyatt Corner",Poblacion,"San Jose del Monte",Sorsogon,Philippines,040-805-705,"+63 (973) 210-1263","Orn, Kessler and Gutkowski",http://www.leffler.net/dolorem-quidem-ipsa-ea-quae-reprehenderit-iure,"Education Administrator",navy,1982-12-24,jwindler@hotmail.com,"lz9=/iX\"
bd86fcaa-5845-31c0-9976-e934250b36d6,Mr.,Abigail,Moen,"68/43 Swaniawski Village",Poblacion,Koronadal,"Northern Samar",Philippines,660-851-863,"+63 (933) 181-6976","Kovacek and Sons",https://www.vandervort.org/non-minus-rerum-quis-qui-doloremque,"Parking Enforcement Worker",gray,1985-09-17,vcorkery@gmail.com,g^Fdsc
d3e42a96-299f-328d-a797-691ed4e277c2,Prof.,Rahsaan,Leannon,"31A Wisozk Lock Apt. 868",Poblacion,"Batangas City","Davao del Norte",Philippines,387-652-564,"(0949) 502-0470","Walsh PLC",http://heaney.com/explicabo-voluptates-error-magni-dicta,"Customer Service Representative",silver,1979-09-14,pink.windler@mclaughlin.info,"1+%[lKx0$H{p4,$A"
33e7b952-9981-34dd-8e07-f1c9f71afb4f,Prof.,Sabrina,Torphy,"18A/43 Von Islands Suite 380",Poblacion,"San Juan",Aurora,Philippines,755-121-229,"+63 (935) 474-4076",Hintz-Treutel,http://bradtke.biz/nulla-animi-pariatur-tempora-numquam-dignissimos-facere-ad-pariatur,"Production Laborer",olive,2005-10-31,conner19@crist.com,&]`~%z4G`Ir
c3c3d6d5-94a1-3ed9-8386-52adaae6f939,Mr.,Loma,Gislason,"92A Marquardt Bypass Apt. 026",Poblacion,Naga,Bukidnon,Philippines,365-024-172,"(0907) 258-6173","Cormier Group",http://www.frami.com/adipisci-praesentium-facilis-doloribus-laborum-aperiam-repudiandae.html,"Wholesale Buyer",black,1993-12-09,thintz@hotmail.com,VYt]GQ|rDJ~(#6P'l9
23130a79-692e-3858-bb0f-55731b3617ba,Dr.,Conner,Gottlieb,"40 Emmerich View",Poblacion,Muñoz,"Camarines Sur",Philippines,779-593-844,"+63 (813) 975-3700","Feil, Hermiston and Tremblay",http://www.romaguera.com/qui-laboriosam-eum-est-a-consequatur-ipsa-earum,"Industrial-Organizational Psychologist",black,1983-08-27,alanis69@hotmail.com,aUR>alG^{[6^eDA
d2999d7b-f481-3e37-a1a0-1aad9e720c54,Prof.,Kailee,Ebert,"84A Jakubowski Fords Suite 065",Poblacion,Dagupan,Antique,Philippines,717-858-357,"+63 (942) 464-7687",Pagac-Emard,http://www.simonis.com/et-nemo-voluptatibus-explicabo-qui,"Distribution Manager",fuchsia,2001-11-20,dannie.hodkiewicz@bogan.com,"Xg(c&,iJ.m[@\I&"
6b28bda7-2e82-3e31-a9f2-c0df40e2f14a,Dr.,Nickolas,Hermiston,"06A Mante Points",Poblacion,Tagum,Capiz,Philippines,070-673-769,"+63 (910) 134-7823","Upton Ltd",http://hoppe.com/sit-quo-maiores-ducimus-earum-ratione-rem,"Supervisor Correctional Officer",maroon,1997-05-27,jstark@damore.com,`&:!A_@
ec8e3a0a-3196-398a-91eb-7fd4f821223c,Prof.,Leila,O'Kon,"91A Leuschke Mountains Suite 036",Poblacion,Naga,"Eastern Samar",Philippines,103-219-251,"+63 (925) 452-7854","Bartoletti Group",http://www.mcclure.org/natus-quisquam-alias-ratione-vel.html,"Paper Goods Machine Operator",aqua,1982-03-31,alessia.douglas@schoen.info,6u0kZl
1706ef3c-a8f3-374c-ab10-eb453ca27453,Dr.,Orpha,Turner,"38 Feest Overpass",Poblacion,Dagupan,"Northern Samar",Philippines,861-817-977,"(0938) 495-0013","Boyle, Lesch and Paucek",http://www.thiel.com/et-deleniti-sunt-aut-illum-velit-consequuntur-voluptatem,"Home Appliance Installer",teal,1971-08-21,darby.beer@gmail.com,6'@/?M>
37435863-36bc-37f2-ad7f-cea7ee331a94,Mr.,Tad,Reynolds,"92/25 Jenkins Pines",Poblacion,Tagaytay,"Agusan del Norte",Philippines,407-232-350,"(0813) 443-5116","McCullough, Simonis and Fay",http://brakus.biz/voluptatem-aut-modi-enim-tempore-distinctio-quaerat-veniam,Geographer,navy,1989-03-08,mharvey@gmail.com,p9P6*U
1bd256ee-04b9-340a-9903-10f7ec56a859,Dr.,Jasen,Gorczany,"18/22 Reilly Brooks Apt. 283",Poblacion,Baybay,Iloilo,Philippines,889-576-749,"+63 (925) 637-5609","Runolfsson Ltd",https://little.info/iste-dolores-hic-et-sed-amet.html,"Gas Pumping Station Operator",yellow,2023-02-11,femard@runte.info,"TH483yk6Oy.A,O#"
4d08df1b-b955-3843-b294-5f9e67a21b6b,Dr.,Stan,Schinner,"35/69 Vandervort Pass Suite 546",Poblacion,Passi,Batangas,Philippines,698-435-288,"(0999) 274-0537",Gutkowski-Connelly,http://zboncak.com/facere-fuga-eligendi-atque-repellat-eaque-beatae-facilis,"Woodworking Machine Setter",fuchsia,2023-08-11,qmiller@greenholt.com,2_t#?cDz'8LQ
7066fe51-69f6-3b0e-99f7-d17879273b82,Dr.,Vaughn,Fritsch,"79 Blick Lane Apt. 129",Poblacion,Pagadian,Camiguin,Philippines,794-840-196,"+63 (980) 971-1594",Block-Labadie,http://renner.info/itaque-iste-voluptas-molestias-esse-id-molestias.html,"Metal-Refining Furnace Operator",fuchsia,1979-09-06,dziemann@gmail.com,YI.d3iqsPF7s~<3o*
5c8d7fd0-7b76-3b66-bd1e-faef29f713ac,Miss,Stephan,Kub,"10 Legros Cliff",Poblacion,Guihulngan,Abra,Philippines,204-842-551,"+63 (979) 913-0094",Eichmann-Conroy,http://www.mertz.com/,"Cleaners of Vehicles",fuchsia,2007-06-11,gleason.ashly@larson.com,bpgP_E_WYFrak$OIjR
b2740a97-1bd1-3cab-bacf-7c087c76710c,Ms.,Reanna,Eichmann,"26A Yost Valleys",Poblacion,Pasig,Basilan,Philippines,500-286-318,"+63 (975) 984-9667","Goldner, Graham and Hilpert",http://rogahn.com/,Landscaper,yellow,1971-02-27,zoey31@schaden.biz,s:kiWy?{Pa$L%(ATm
4cb9b4ba-0cc1-3ce9-a479-9d1d67a31650,Dr.,Alfonso,Connelly,"24/87 Spencer Stream",Poblacion,Palayan,"Occidental Mindoro",Philippines,800-491-237,"+63 (939) 194-5387",Von-Roberts,http://www.christiansen.com/,"Sawing Machine Operator",silver,2000-11-24,simonis.ricky@mertz.com,"<""f:/2>|jx6"
da2acfc0-e696-3e13-8dbf-8dc010e18a06,Mr.,Pamela,Boyer,"62 Blanda Mountain",Poblacion,Sagay,"Zamboanga Sibugay",Philippines,272-308-930,"+63 (937) 619-6352","Kulas PLC",http://langosh.com/iusto-in-rerum-voluptates-assumenda-porro-sunt,"New Accounts Clerk",green,2008-07-23,emily.kozey@koch.biz,kFScPa2A9]Pw
b70a4733-192e-3628-b2b6-9ce95dfef229,Miss,Ambrose,Emmerich,"72A/22 Labadie Corners",Poblacion,Oroquieta,Palawan,Philippines,001-234-259,"(0940) 718-7617",Shanahan-Collier,http://www.dubuque.info/odit-dolores-quas-et-necessitatibus-debitis-placeat.html,"Sociology Teacher",lime,1989-07-13,carter.ismael@ortiz.net,nU?;P*Dx(c<t7/iLH
6b52b63a-a38d-3db4-b91c-0df636d81fce,Prof.,Leslie,Lindgren,"37/21 Harris Port",Poblacion,Kidapawan,"Nueva Ecija",Philippines,716-668-627,"+63 (934) 252-9943",O'Conner-Greenholt,https://www.king.com/at-iusto-aspernatur-in-quia-quod-vero,"Aircraft Structure Assemblers",purple,2006-06-28,fdonnelly@hahn.com,CS%(g[pZN
1c7e98fa-4b14-397f-ae77-fa5d86af7982,Mr.,Aaron,Cummings,"76A Jacobson Keys Apt. 553",Poblacion,"Masbate City",Basilan,Philippines,215-094-951,"(0949) 610-8620",Gibson-Rau,http://sawayn.com/sed-ut-ut-consectetur-eos-maxime-omnis-omnis-et,Professor,navy,2023-05-15,ryan.devante@gmail.com,p~6-L;Qfz-`[
73d50221-47ab-3dad-814c-5e45c3eed317,Mrs.,Tyree,Lang,"50A/20 Orn Locks",Poblacion,Bago,Laguna,Philippines,860-440-183,"+63 (949) 597-8594","Mann, Schoen and Kassulke",http://schneider.com/nesciunt-earum-aspernatur-qui-quis-molestiae-cupiditate-laudantium-sapiente,"Insurance Policy Processing Clerk",silver,2018-01-21,wleannon@effertz.org,g=;1|^1^L[R
c814f7ee-e236-30ba-bd81-13010ee9411e,Dr.,Yvonne,Wunsch,"76A Rutherford Mount",Poblacion,Mati,Bukidnon,Philippines,152-356-038,"(0940) 533-6208","Effertz, Harber and Aufderhar",https://www.toy.biz/temporibus-magni-ducimus-consectetur-sunt-et-iste,Obstetrician,silver,1975-12-09,mrice@hartmann.com,2's57B.a_^:88E}L9/H%
834ad1f6-5915-3bca-b3ab-05b2aaa8e51f,Miss,Clay,Hamill,"82 Fritsch Manor",Poblacion,Laoag,"Oriental Mindoro",Philippines,959-334-360,"+63 (916) 291-1368","Daugherty, Marvin and Bergnaum",http://www.kub.org/aspernatur-eaque-aut-consequatur-nobis-dolor.html,"Child Care Worker",black,1995-12-20,tmcclure@hotmail.com,6tuT>wkK3EemrDJxQ@@$
355d8fcc-14e3-349d-b2e7-c8887cedb079,Prof.,Ezekiel,Douglas,"57/57 Christiansen Tunnel Suite 627",Poblacion,Olongapo,Bukidnon,Philippines,593-862-477,"(0910) 948-7296",Steuber-Schaefer,https://www.tillman.com/praesentium-quis-quis-consectetur-molestiae,"Dietetic Technician",silver,2013-10-17,elmira.quitzon@wiegand.org,9>itrqo9r
6215612d-99f5-3f42-921a-cc6dad0ce92e,Dr.,Loma,McCullough,"39/13 Ernser Bridge",Poblacion,Toledo,"Southern Leyte",Philippines,176-170-856,"+63 (927) 156-4955","Wisozk and Sons",http://www.flatley.org/voluptas-ut-ab-officia-est-soluta-impedit.html,"Industrial Engineer",fuchsia,1972-07-08,suzanne67@yahoo.com,"H-|iq1@bn\j0JpM'Yv@"
49ebef90-2c7a-38ab-95ec-be9dd3af2a66,Prof.,Demario,Dickens,"92 Wuckert Rapids",Poblacion,Isabela,"Zamboanga Sibugay",Philippines,871-739-484,"(0989) 015-0864",Schaden-Ruecker,http://www.hodkiewicz.com/voluptas-omnis-ullam-consequatur-sequi-hic,"Head Nurse",black,1995-03-02,foconnell@runolfsdottir.org,<L;[$$
c79f997b-eb38-3313-8bf2-d6662ec423b7,Mrs.,Christian,Schulist,"41A/36 Hammes Forges Suite 506",Poblacion,"Puerto Princesa","Zamboanga del Sur",Philippines,740-180-409,"(0938) 281-1905","Streich, Ratke and Runolfsson",http://homenick.org/maxime-rem-error-tempora,"Maintenance and Repair Worker",olive,1996-02-10,raphael.mcclure@stoltenberg.info,hd!.$}#q>@E_C53IBBbj
5776ee44-96c5-384b-ad76-261d1a9edd3f,Miss,Jacky,Dicki,"70/17 Hodkiewicz Summit",Poblacion,Dipolog,Isabela,Philippines,638-123-253,"(0929) 582-5553","Kohler LLC",http://www.altenwerth.net/perspiciatis-aut-et-dicta-placeat-eaque-exercitationem-officiis,Construction,yellow,1978-07-29,carroll.alek@yahoo.com,">G<4pR'%H4sa~l,6h"
b064879e-c81f-3a56-a18f-e5f3f24b6ad9,Prof.,Hanna,Schaefer,"50A/28 Kuvalis Crest",Poblacion,"El Salvador","Occidental Mindoro",Philippines,789-571-258,"(0926) 576-4035","Parisian, Davis and Adams",http://www.hickle.com/et-et-culpa-est-officiis-placeat-corrupti-quae,Surveyor,olive,2009-02-18,rafaela.conn@frami.com,")Lo\r52DmX$)js\"
83317c19-d9a8-3997-b57d-151a73bdf8a6,Mrs.,Shannon,Ryan,"54A/36 Zieme Crescent",Poblacion,Iriga,Sorsogon,Philippines,288-620-349,"+63 (971) 021-1717","Wilkinson and Sons",http://www.hills.com/dolorum-est-quo-omnis-nihil-non-non-distinctio-dolores.html,"Production Worker",blue,1996-05-05,zieme.gerry@daugherty.com,"P'ny"",I<D-hN;&=?39>u"
c5321b5d-4ba1-37b4-b312-84d500fb896f,Mrs.,Skyla,Hills,"16A Stroman Shores Suite 469",Poblacion,Lapu-Lapu,Bulacan,Philippines,936-794-707,"(0910) 592-1958",Monahan-Ebert,http://stanton.com/,"Copy Machine Operator",blue,2021-05-03,lera21@hotmail.com,#d$vTC$M7
292bd9c2-fc10-375d-bbe1-b5efcbf19301,Dr.,Jacynthe,Gottlieb,"22A/57 Yost Divide",Poblacion,Bayugan,"Agusan del Norte",Philippines,336-599-364,"+63 (813) 652-2403",Lakin-Kihn,http://weissnat.org/exercitationem-ut-hic-quo-cupiditate.html,"Precision Mold and Pattern Caster",silver,1992-10-29,lindgren.arvid@pacocha.com,"Pr[<sok-Yf""b$e<%"
97eb36d2-3cbc-30ed-86d1-337f9b52c37e,Mr.,Anne,Nienow,"18 Runolfsson Mountain",Poblacion,Pagadian,Cavite,Philippines,414-520-581,"+63 (994) 162-6202",Heidenreich-Dietrich,http://koch.com/mollitia-consequatur-aut-aut-reprehenderit-rem.html,"Pest Control Worker",fuchsia,2003-02-24,ihaag@weissnat.com,Yu}x<U6X_K/O&<
2210dd47-6ea1-30d9-a670-714e3e76eaad,Mr.,Thelma,Hintz,"18 Ondricka Loaf",Poblacion,Panabo,Romblon,Philippines,902-363-392,"+63 (978) 006-4322",Treutel-Larkin,http://www.strosin.biz/laudantium-ut-doloremque-molestias-facilis-incidunt.html,Warehouse,green,2006-02-21,rschinner@halvorson.biz,0E[x/42iN0+
41d4d6b1-41f0-3ad5-acd2-6e07ff4cca37,Miss,Bettie,Welch,"63/31 Hartmann Burgs",Poblacion,Olongapo,Aklan,Philippines,551-856-576,"(0939) 685-6008","Tromp LLC",https://raynor.info/soluta-aliquid-optio-voluptatem-dolor-et-qui.html,"Railroad Inspector",teal,2016-09-22,brooke28@feeney.com,HN4v]hDt!A-bYnVnhF
fdeaea30-8583-37bb-957c-7bb893d90aae,Miss,Colleen,Bogisich,"05A/78 Bogan Overpass Apt. 435",Poblacion,Tandag,Rizal,Philippines,063-356-281,"+63 (922) 660-0044","Strosin, McLaughlin and Emard",http://www.bernhard.com/molestiae-eum-sint-error-id-quam-officiis-et,Prosthodontist,yellow,1977-05-04,emmerich.pinkie@yahoo.com,`_Z_+wRmY@=n&B:7XUx*
fa0e4fa5-d0f4-3025-a36e-a7d38232070b,Ms.,Maritza,Goyette,"93/86 Dare Street Suite 287",Poblacion,Talisay,"Compostela Valley",Philippines,252-812-004,"+63 (928) 524-0863",Dare-Mayert,http://www.schmeler.net/molestias-ipsam-omnis-neque-voluptates-officia.html,"Machine Feeder",teal,2019-12-14,hwaters@gmail.com,ALwAV-1E{HO
abfe085e-6f1c-33a7-8179-35436cfdda00,Dr.,Webster,Cormier,"15 Pouros Forges Suite 188",Poblacion,Makati,Camiguin,Philippines,427-185-781,"(0933) 914-8208",Carroll-Anderson,http://ratke.biz/,"Self-Enrichment Education Teacher",gray,1986-05-07,nconnelly@kovacek.com,'YVSFIRP@%W]
537515fd-1e97-3caa-96e2-fcea2044d8dd,Miss,William,Lemke,"66A/25 Gislason Heights",Poblacion,Bogo,"Davao Oriental",Philippines,898-909-982,"(0998) 113-8429","Lindgren LLC",http://crooks.com/consequatur-et-rerum-exercitationem-ab-repellat-voluptatem-optio.html,Jeweler,green,1976-09-05,romaine81@yahoo.com,%MGG4B]_BPrh
1c808576-8de9-340f-a1eb-88ea129b908f,Mr.,Alfonso,Ebert,"36A Carter Ports",Poblacion,Manila,Cebu,Philippines,018-990-499,"(0925) 874-8002","Glover Group",http://hand.com/tempore-deserunt-eius-voluptas-saepe-optio,"Registered Nurse",navy,2003-04-24,wschmitt@luettgen.com,BT~c'97z
f450e3aa-593f-36c3-b269-77ae6c8dd52b,Mr.,Joey,Medhurst,"71 Hamill Throughway Suite 033",Poblacion,"Tarlac City",Siquijor,Philippines,855-790-616,"(0997) 126-6678","Wiegand Ltd",http://www.paucek.org/,"Command Control Center Specialist",olive,1997-06-22,lyla96@tillman.com,"To7=v::k+]Hp|,5"
bf0f79be-ba2e-3a45-a77d-3f6945ff3927,Mr.,Danielle,Cummings,"68/60 Kessler Avenue",Poblacion,Parañaque,Tawi-Tawi,Philippines,671-008-345,"+63 (980) 365-6146","McLaughlin LLC",http://www.okeefe.biz/dolores-numquam-culpa-harum-accusamus-omnis,"Technical Specialist",white,2003-04-28,hane.nettie@pfeffer.com,k+&{$A(b
ad984f29-4a3f-351d-b87c-a189f18f1125,Prof.,Sammie,Rice,"97A Reichel Greens",Poblacion,Panabo,Palawan,Philippines,783-760-452,"(0938) 369-9575","Rolfson, O'Hara and Ankunding",http://www.bailey.com/et-sit-quia-quas-accusamus-quaerat.html,"Immigration Inspector OR Customs Inspector",purple,1983-02-05,yost.dahlia@gmail.com,uY5KS*
e4be02d2-ac7d-3906-acc0-b019be4f4981,Dr.,Theodora,Haag,"36/76 Abbott Tunnel Suite 877",Poblacion,"El Salvador",Ifugao,Philippines,134-790-573,"(0930) 617-4999","Miller and Sons",http://cole.com/sunt-in-eum-ut-est-quisquam.html,"Cutting Machine Operator",black,2021-11-29,bernardo.upton@hotmail.com,0${/=f+
359e72ef-feae-3626-914e-738bb6bd2dcd,Ms.,Guadalupe,Feeney,"81/61 Harvey Courts",Poblacion,Iriga,Maguindanao,Philippines,404-501-712,"(0906) 328-2978","Becker, Sawayn and Rau",https://www.veum.net/enim-ad-eum-officia-eius-dolor,"Licensed Practical Nurse",maroon,2007-01-19,herminia11@lemke.com,$k'dZK|R$!p
79980ee7-920e-38e2-bd3a-d4f2c964ddb2,Dr.,Louvenia,Macejkovic,"98/57 Kunde Circles Suite 348",Poblacion,"Tarlac City",Quirino,Philippines,041-615-120,"+63 (925) 030-5015",Metz-Luettgen,https://lang.com/occaecati-nulla-aliquid-fugit-enim-quibusdam.html,"Pressure Vessel Inspector",maroon,2002-02-02,sasha.herzog@ondricka.com,_N?$D+
9a1e8923-de13-34c9-b2aa-f81c352d0148,Prof.,Jerel,Collier,"52 Hoppe Locks Suite 204",Poblacion,Cauayan,"Nueva Ecija",Philippines,258-144-750,"(0910) 526-6204","Corkery, Yundt and Keebler",http://auer.com/,"Library Worker",silver,2003-05-28,jerde.salvatore@stanton.com,"nWcvjL>^B(SO""iPQ1."
810f64e7-f51a-36e3-97ef-1b1bc54b46eb,Mrs.,Aubrey,Roob,"07A/84 Lowe Station Suite 033",Poblacion,"Sorsogon City",Ifugao,Philippines,042-655-450,"(0905) 039-2495",Dooley-Schmidt,http://www.prosacco.org/aliquam-unde-atque-quia,"Rough Carpenter",olive,2007-06-30,camden90@hotmail.com,y/}`EWe^=o9$>gTc>K
f679dd03-4d84-3709-adbb-e7a7ea2b4a04,Dr.,Sigrid,Hoppe,"21A/54 Hettinger Branch",Poblacion,Cauayan,"Compostela Valley",Philippines,898-250-340,"(0908) 344-6917","Price PLC",https://bayer.net/voluptate-sapiente-magni-fugiat-deserunt.html,"Grinding Machine Operator",yellow,1982-09-22,lesch.willard@sanford.com,S9`+*#)lCuD0s@
af7f6165-0a2f-3cd6-b06a-675409fd3c4d,Prof.,Virgie,Williamson,"10A Muller Rue",Poblacion,Naga,Leyte,Philippines,535-010-272,"+63 (949) 397-2452",Mohr-VonRueden,http://jacobson.com/libero-magni-temporibus-odio-nesciunt-alias-voluptatem,"Manufactured Building Installer",olive,2017-06-07,claire.nicolas@gmail.com,DE0Md3IXG
c4ea8a2d-3a9b-3dab-8837-b9ca43ef3419,Mr.,Shane,Haley,"70A Glover Points",Poblacion,"Puerto Princesa","La Union",Philippines,923-054-313,"(0930) 016-7294",Schoen-Lebsack,https://kovacek.com/cum-sapiente-doloremque-praesentium-tenetur-unde.html,"Animal Control Worker",black,2007-11-05,jbartoletti@schinner.org,bC=2O#6
0d316310-ed58-33aa-acbd-02dd321aab9d,Dr.,Abner,Gorczany,"32A Pagac Island Apt. 847",Poblacion,"Quezon City",Masbate,Philippines,155-553-794,"+63 (939) 759-9419","Zulauf, Dickens and Borer",http://www.miller.info/commodi-commodi-nesciunt-debitis-pariatur-possimus-officiis-architecto,"Waste Treatment Plant Operator",green,1985-01-11,bahringer.brody@hotmail.com,C'0X#6w~UhCen(}iJb[?
0a1a6b92-8ec5-3daa-b29a-4fbe0b2c278a,Miss,Maci,Swaniawski,"16A/78 Armstrong Plains",Poblacion,Gapan,"Agusan del Norte",Philippines,344-137-962,"+63 (921) 914-0628",Vandervort-McClure,http://jerde.biz/,"Letterpress Setters Operator",yellow,2008-11-04,bshields@yahoo.com,"=xaF""jGo;<w@ehh"
e6c75d0e-b19b-3517-8cfa-efe07d686128,Prof.,Carlotta,Boyle,"71A Runolfsson Orchard Apt. 254",Poblacion,Danao,Bukidnon,Philippines,584-356-147,"+63 (919) 365-3240",Graham-Howell,http://www.padberg.com/quo-tempore-doloremque-dolorum-provident-consequuntur-quam-porro,Orthodontist,lime,2002-10-21,lorenzo35@bradtke.com,^<{Sd6m|F2nlx6=&TY
037f6d5f-cad9-3315-bbbf-1ee20ea9718c,Prof.,Gianni,Deckow,"78A Hagenes Port",Poblacion,Tacloban,Abra,Philippines,125-143-960,"(0974) 843-1136",Barrows-Schaden,http://block.org/autem-voluptatem-sequi-id-dolorem-et-qui,"Spraying Machine Operator",fuchsia,1974-08-14,mike.parker@koss.org,<F2ZI'|VH8OB<?
1337ec40-8c93-3a18-8bab-d13d5946e5fe,Prof.,Ludwig,O'Reilly,"77A Cremin View Suite 665",Poblacion,Valenzuela,Aurora,Philippines,985-042-062,"+63 (908) 482-1012",Paucek-Zieme,http://cartwright.biz/voluptatem-esse-voluptate-in-earum-consequatur-nobis-ullam,"Chemical Equipment Operator",yellow,1986-06-18,fadel.veda@hotmail.com,"b9:#@<O2[<s?yh\e"
68c16da2-a1e7-3d16-8fd1-622dbfe6bfec,Mr.,Edison,Fisher,"80/13 Turcotte Circle Suite 585",Poblacion,"San Juan",Catanduanes,Philippines,624-451-507,"+63 (939) 514-6015",Schroeder-Lebsack,http://gorczany.biz/recusandae-cupiditate-est-laborum-qui-non-temporibus-ut-dolore,Brazer,black,2019-04-14,owisozk@yahoo.com,;B#TJ<<'h`Xe*qt/4xC
19168788-cb7b-3e67-b3d2-b977d1828b6c,Ms.,Noemie,Kassulke,"93A/38 Greenholt Flat Apt. 730",Poblacion,Catbalogan,Sorsogon,Philippines,785-512-059,"(0940) 482-5564","Senger and Sons",http://altenwerth.com/id-ut-perspiciatis-autem-quae,"Claims Examiner",aqua,2006-01-19,ebony93@harvey.com,2(@y65
34332198-5131-3630-8116-284aa69defd8,Prof.,Dudley,Yundt,"42A Moore Knolls Apt. 417",Poblacion,Sagay,"Mountain Province",Philippines,569-091-168,"+63 (926) 287-0547","Beer, Russel and Schuppe",https://www.boehm.biz/magni-cumque-inventore-consequatur-assumenda-quod-quasi-mollitia,"Commercial and Industrial Designer",green,2010-12-17,rolando26@senger.net,n8_V2B'&q
b2dd8c25-388b-326f-866f-563eac298902,Mrs.,Karli,Bergnaum,"52A/97 Fritsch Roads Apt. 611",Poblacion,Lucena,Basilan,Philippines,861-529-429,"+63 (916) 614-7426","Kuphal, Littel and Roob",http://www.gerlach.net/expedita-perspiciatis-et-eum-enim.html,"Special Forces Officer",lime,2007-07-20,bailey.marcella@goodwin.com,"/TtEw7E*hyS+hz,-u"
b8032573-5a1a-3a78-a84c-1426a615237e,Mr.,Minerva,Heaney,"39/29 Auer Haven Apt. 858",Poblacion,"Batangas City","South Cotabato",Philippines,114-333-958,"+63 (922) 147-8959","Hettinger, McGlynn and Marvin",http://www.swift.com/fugit-voluptatum-dolor-hic-ut.html,"Plating Operator",teal,2009-12-22,camron56@gmail.com,"K1HFVK4&ksb!1,|1B=Q+"
00ce2121-dbc4-3ab2-9370-0a687f194230,Prof.,Mandy,Nolan,"72A/04 Hartmann Loaf Apt. 484",Poblacion,Naga,Ifugao,Philippines,414-976-529,"(0906) 196-6157","Abbott, Hane and Sanford",http://oconnell.biz/iusto-sint-facilis-illum-et-corrupti-non-labore,"Marine Oiler",lime,1973-04-07,tracy.lang@hotmail.com,CN2Ws#2+>t4GQ:X1D9u
e592b9df-a20b-3849-8dcb-702a62b565f8,Mr.,Keenan,Morissette,"84/65 Shanahan Coves Suite 132",Poblacion,Tangub,Isabela,Philippines,054-865-518,"+63 (935) 773-1996","Emmerich, Nienow and Klein",http://www.ferry.biz/culpa-non-ipsam-vero-asperiores-suscipit-quisquam,"Board Of Directors",aqua,1990-09-16,wallace.little@nader.com,Pj3P}bLCR(#O0Si&xCC
fa4d038f-eb16-3665-b8c7-d902c2a47270,Miss,Myrtis,Wehner,"75A Lind Stravenue",Poblacion,"San Carlos",Aklan,Philippines,101-038-159,"(0939) 432-4978","Reynolds PLC",https://rath.info/temporibus-error-recusandae-fugit-a.html,"Fast Food Cook",purple,2007-07-21,urban.christiansen@gmail.com,J&<jTva
ca6bfcbb-b48c-3b5e-8d66-e025e6244dcf,Mr.,Jayme,Robel,"95A/87 Bernier Creek Apt. 634",Poblacion,Toledo,"Dinagat Islands",Philippines,998-833-903,"+63 (936) 045-8525",Kozey-Watsica,http://www.parker.com/,"Storage Manager OR Distribution Manager",purple,1973-09-03,dshanahan@hotmail.com,'BxWE)6?J)j-
8d508174-300a-36d2-9797-fcd01a577708,Prof.,Alexane,VonRueden,"35/74 Stokes Valley",Poblacion,Bacolod,Masbate,Philippines,381-942-758,"(0813) 855-8656",Stark-Koelpin,http://www.koelpin.com/voluptas-necessitatibus-officia-corrupti-eum-voluptates.html,"Embossing Machine Operator",blue,1993-08-29,kemmer.hilbert@ernser.com,TVEXRE73/?
679f7758-b7ef-37df-af24-47fb32e55fe1,Ms.,Ewald,Konopelski,"83 Collier Groves",Poblacion,Batac,Tawi-Tawi,Philippines,421-836-348,"+63 (975) 221-9041","Bayer, Ruecker and Upton",http://www.mcclure.com/,"Coil Winders",olive,1976-07-12,gibson.adolfo@mills.com,?L8N1v4
fa091456-0b79-3eb3-83dd-b8f73ee830b2,Dr.,Eva,Erdman,"15/27 Stehr Trafficway",Poblacion,Ormoc,Abra,Philippines,114-391-157,"(0939) 839-7574",Botsford-Haag,http://swift.info/mollitia-dicta-illo-beatae-est-earum-nisi-ducimus-fuga,Inspector,olive,1989-08-31,moriah29@kuhic.com,I(Gz$:]3ssY@/K$LgJjp
5f839e45-f1e2-31e5-b807-d81d80250293,Dr.,Peggie,Runte,"57A/71 Wiza Falls",Poblacion,"El Salvador","Metro Manila",Philippines,219-048-763,"(0919) 652-9943",Ernser-Hayes,http://www.buckridge.com/a-aut-omnis-aspernatur-quae-reprehenderit-modi-illum-veniam,"Structural Iron and Steel Worker",yellow,1992-03-01,carmel.jacobi@hotmail.com,/1KFlQK(c#]|O{5@
063747f2-d5f3-3ba7-9473-2d379e910e6c,Dr.,Sylvester,Schultz,"18 Balistreri Lodge Suite 495",Poblacion,Pasig,Masbate,Philippines,520-017-228,"+63 (918) 617-5268",Beer-Bergnaum,http://bechtelar.com/dolores-hic-eum-nihil-est-et-maiores-non-omnis,"Parking Lot Attendant",olive,1995-07-03,eriberto89@hotmail.com,ai@u3]@slV`R^psDXv
df3887cd-8228-3a56-a6cd-c5a70fc47c25,Dr.,Norbert,Renner,"76/36 Bernhard Mills Suite 700",Poblacion,Carcar,"Negros Occidental",Philippines,654-751-603,"+63 (973) 378-2433","Stanton, Rolfson and Breitenberg",https://www.gerhold.com/debitis-officia-rerum-odio-consectetur,"Court Clerk",silver,1992-08-10,stehr.dock@keebler.com,ztm5iPOy2kCKXQd$Z
e990db2d-59b9-3b4f-9f9b-8a927afd707c,Prof.,Weston,Swaniawski,"91/84 Bergnaum Coves Apt. 375",Poblacion,Antipolo,"Camarines Norte",Philippines,304-081-884,"+63 (910) 692-3062","Barton, Barton and McKenzie",http://shanahan.com/temporibus-nihil-explicabo-est-facilis-et-autem-dicta,"Sewing Machine Operator",silver,2001-04-30,crist.ibrahim@hotmail.com,!Afd+$3plz107L:z[V
fc8172f2-c134-396e-b3e4-2895744ddca1,Mr.,Vincenza,Schroeder,"54/63 Marks Alley",Poblacion,Calapan,"Surigao del Norte",Philippines,427-573-728,"(0933) 798-6769","Runte, Bergstrom and Dietrich",http://gaylord.com/doloremque-ipsum-aut-ratione-harum,"Logging Tractor Operator",aqua,1997-01-18,cathryn61@yahoo.com,{2IGsz!6f*
f0c0f9d4-9582-3331-b008-49eaa59dba98,Mr.,Jacklyn,Williamson,"22/34 Conroy Turnpike Suite 471",Poblacion,Danao,Guimaras,Philippines,249-745-612,"+63 (916) 577-0859","Pagac and Sons",http://www.towne.com/necessitatibus-expedita-perspiciatis-expedita-qui-quae,"Proofreaders and Copy Marker",silver,2010-11-30,rosamond66@spinka.com,'{^o1MvTb|K7[4!4vGV
5dfc64d4-b328-3707-8df1-5e0ae91b38f0,Prof.,Leo,Koch,"68A/01 Oberbrunner Bypass",Poblacion,"Las Piñas","Sultan Kudarat",Philippines,589-871-160,"+63 (906) 231-4410","Powlowski and Sons",http://auer.com/rerum-est-dicta-aut-rerum-quas-sint-soluta,"Camera Repairer",lime,2015-12-28,khermiston@gmail.com,"s>T6y,lpf"
5ced739c-c770-392f-b778-c6cff3ca7469,Dr.,Ardella,Wunsch,"29 Hermiston Locks",Poblacion,"San Carlos","Camarines Sur",Philippines,335-975-259,"(0944) 240-2654","Baumbach, Thiel and Dicki",http://hoeger.com/alias-odit-ea-sed-qui-facere-soluta-debitis,"Nuclear Power Reactor Operator",gray,1973-01-26,oking@reynolds.org,"sMS$MRz5i,.JUggr,|Z."
b79c237e-a7a1-3901-80fc-cbfc26536c67,Ms.,Madison,Zieme,"13 Macejkovic Orchard",Poblacion,Victorias,Isabela,Philippines,908-161-704,"+63 (933) 612-0746","Waelchi LLC",http://www.harvey.com/sed-voluptas-ducimus-sunt-aut-illum-id,"Proofreaders and Copy Marker",lime,1986-09-16,kobe52@spinka.org,"\Y;C)m+zm3"
623ecd48-f611-3848-998a-c74e3cd76d91,Prof.,Deshaun,Kreiger,"01A/15 Powlowski Fort Apt. 705",Poblacion,Meycauayan,"Camarines Sur",Philippines,048-780-916,"(0931) 420-0779",O'Conner-Lueilwitz,http://www.roob.net/,"Utility Meter Reader",black,2023-07-12,kgoodwin@yahoo.com,Itm#sP&pi=idww*r'D
abeaf56b-6408-3f53-8912-025a3b73f3fc,Mr.,Lamar,Eichmann,"54/89 Konopelski Ports",Poblacion,Tandag,"Camarines Sur",Philippines,754-106-839,"(0979) 014-1698","Macejkovic, Larkin and Boyle",http://kreiger.com/dolorem-enim-quo-at-qui-ipsa,"Hand Presser",green,2016-02-27,rodriguez.elmore@yahoo.com,-w$@7VY)nK?
355b9e4d-8422-3a2f-bff0-2036ea316f5b,Dr.,Holly,Barton,"44A/12 Block Camp",Poblacion,Bacoor,"Davao del Norte",Philippines,724-285-033,"+63 (908) 875-4199",Oberbrunner-Ledner,https://www.schiller.com/in-voluptatem-aut-expedita-velit-et,"Production Manager",purple,2011-08-06,slangworth@yahoo.com,U@WUWFtDxt8|XlyoHL9l
759719f3-c91b-3c89-80bc-e250c6eb97ce,Prof.,Korey,Rippin,"68/18 Walter Parkway Apt. 231",Poblacion,Sipalay,Capiz,Philippines,847-914-488,"(0933) 331-4373",Aufderhar-Schoen,http://www.gutkowski.com/nisi-id-similique-quibusdam-maiores-quia,"Hand Trimmer",teal,2019-03-12,maida67@yahoo.com,%Fld9cNnE]![gJ8F|D
e7370e95-1dee-352e-a3c3-7f5d581237f4,Mrs.,Alexa,Hyatt,"19A/05 Zemlak Grove",Poblacion,Marawi,"Northern Samar",Philippines,715-505-930,"(0911) 848-3660",Green-Tromp,http://www.king.net/laudantium-molestias-sed-alias-provident-est-et-impedit-sit.html,Producer,silver,2007-09-02,ymueller@hotmail.com,"p,[{L&jYo/EvhtlwiY>."
